name,item_sku,model_number,manufacturer,image_link,overview,material,color,pattern,length,width,height,volume_capacity,diameter,country_of_origin,upc_barcode,ean_code,hazmat,oversize,marketplace_uom,product_url
Steelite DCI531UW White 10 ounce Baking Dish - 24 / CS,6119669,DCI531UW,6119669,https://assets.wasserstrom.com/image/upload/f_auto/pdp-leaderboard-quote-dining-room-desktop?scl=1&fmt=jpg&qlt=85,N/A,N/A,N/A,N/A,N/A,N/A,N/A,N/A,N/A,China,008449531024,N/A,No,No,24,https://www.wasserstrom.com/restaurant-supplies-equipment/dish-baking-10-oz-6-12-quot;-x-4-7-8-quot;-white-6119669
Nude P64010 Finesse 13-3/4 ounce DOF Glass - 24 / CS,6119950,P64010,6119950,https://assets.wasserstrom.com/image/upload/f_auto/pdp-leaderboard-quote-dining-room-desktop?scl=1&fmt=jpg&qlt=85,N/A,N/A,N/A,N/A,N/A,N/A,N/A,N/A,N/A,Turkey,8693357328938,N/A,No,No,24,https://www.wasserstrom.com/restaurant-supplies-equipment/glass-dof-13-3-4-oz-nude-finesse-24-cs-6119950
Diversified Ceramics DCI539BI Black 10 ounce Rectangle Dish - 24 / CS,6120149,DCI539BI,6120149,https://assets.wasserstrom.com/image/upload/f_auto/pdp-leaderboard-quote-kitchen-desktop?scl=1&fmt=jpg&qlt=85,"This Black Iron Handled Rectangle Baker is a 10 oz. fully vitrified ceramic dish designed for both style and durability. It features a sleek Black Iron glaze that mimics the look of cast iron while offering the easy maintenance of ceramic. With built-in handles for safe transport and oven and microwave compatibility, it's ideal for serving individual portions in busy kitchens or upscale dining settings.","Ceramic, China",Black,N/A,"7.5 Inches, 7.50 Inches","4.63 Inches, 4.625 Inches",1.75 Inches,10 Ounces,N/A,China,008449539051,N/A,No,No,24,https://www.wasserstrom.com/restaurant-supplies-equipment/dish-rectangle-10-oz-w-handles-black-6120149
"Walco WL8012 Art Deco Mirror Finish 5-3/4"" Bouillon Spoon - Dozen",6120302,WL8012,6120302,https://assets.wasserstrom.com/image/upload/f_auto/pdp-leaderboard-quote-kitchen-desktop?scl=1&fmt=jpg&qlt=85,N/A,N/A,N/A,N/A,N/A,N/A,N/A,N/A,N/A,China,N/A,N/A,No,No,12,https://www.wasserstrom.com/restaurant-supplies-equipment/spoon-bouillon-5-3-4-quot;-art-deco-mirror-6120302
"Walco WL8001 Art Deco Mirror Finish 5-7/8"" Teaspoon - Dozen",6120303,WL8001,6120303,https://assets.wasserstrom.com/image/upload/f_auto/pdp-leaderboard-quote-kitchen-desktop?scl=1&fmt=jpg&qlt=85,N/A,N/A,N/A,N/A,N/A,N/A,N/A,N/A,N/A,China,N/A,N/A,No,No,12,https://www.wasserstrom.com/restaurant-supplies-equipment/teaspoon-5-7-8-quot;-art-deco-mirror-finish-6120303
Pasabahce Steelite P42126 18 Oz Pilsner Glass - 24 / CS,6120313,P42126,6120313,https://assets.wasserstrom.com/image/upload/f_auto/pdp-leaderboard-quote-kitchen-desktop?scl=1&fmt=jpg&qlt=85,N/A,N/A,N/A,N/A,N/A,N/A,N/A,N/A,N/A,Turkey,8693357117419,N/A,No,No,24,https://www.wasserstrom.com/restaurant-supplies-equipment/glass-pilsner-18-oz-pasabahce-draft-6120313
Hall China HL4770BFCA Foundry 8 ounce Soup Crock w/o Lid - 12 / CS,6120315,HL4770BFCA,6120315,https://assets.wasserstrom.com/image/upload/f_auto/pdp-leaderboard-quote-dining-room-desktop?scl=1&fmt=jpg&qlt=85,N/A,N/A,N/A,N/A,N/A,N/A,N/A,N/A,N/A,China,755442163249,N/A,No,No,12,https://www.wasserstrom.com/restaurant-supplies-equipment/crock-soup-8-oz-hall-foundry-w-o-lid-6120315
"Walco WL1805 Bosa Nova 18/0 7-11/16"" Dinner Fork - Dozen",6120331,WL1810,6120331,https://assets.wasserstrom.com/image/upload/f_auto/pdp-leaderboard-quote-kitchen-desktop?scl=1&fmt=jpg&qlt=85,N/A,N/A,N/A,N/A,N/A,N/A,N/A,N/A,N/A,China,N/A,N/A,No,No,12,https://www.wasserstrom.com/restaurant-supplies-equipment/fork-dinner-7-11-16-quot;-18-0-walco-bosa-nva-6120333
Steelite 6214RT008 Maham Saffron 1.75 ounce Bowl - 12 / CS,6120774,6214RT008,6120774,https://assets.wasserstrom.com/image/upload/f_auto/pdp-leaderboard-quote-dining-room-desktop?scl=1&fmt=jpg&qlt=85,"This beautiful Bowl from the Maham Studio Spice collection is a 12 oz. round dish that blends artisanal charm with professional-grade durability. Featuring a vibrant saffron yellow reactive glaze interior and a rustic terracotta exterior, each bowl offers a unique, handcrafted look. Made from fully vitrified stoneware, it’s oven-, microwave-, and dishwasher-safe—perfect for serving soups, sides, or desserts in stylish hospitality settings.",Porcelain,Yellow,N/A,3 Inches,3 Inches,1.13 Inches,1.75 Ounces,N/A,China,5018461635032,N/A,No,No,12,https://www.wasserstrom.com/restaurant-supplies-equipment/bowl-175-oz-3-quot;dia-maham-studio-saffron-6120774
"Varick 5752SX001 Marina 6.5"" Teaspoon - Dozen",6121178,5752SX001,6121178,https://assets.wasserstrom.com/image/upload/f_auto/pdp-leaderboard-quote-kitchen-desktop?scl=1&fmt=jpg&qlt=85,"This Teaspoon from the Varick Marina collection is a 6.5-inch piece crafted from durable stainless steel, offering both elegance and resilience for everyday use. Its graceful design features a flared handle with subtle brush strokes and a high-quality mirror finish, making it ideal for upscale dining environments. Perfect for serving coffee, tea, or desserts, this heavy-weight teaspoon combines timeless style with commercial-grade performance.","Steel, Stainless Steel",Silver,Marina,6.5 Inches,1.77 Inches,N/A,N/A,N/A,China,5018461687451,N/A,No,No,12,https://www.wasserstrom.com/restaurant-supplies-equipment/teaspoon-65-quot;-18-0-varick-marina-6121178
Steelite 670RCR360 Melodia 7 ounce Martini Glass - 12 / CS,6121843,670RCR360,6121843,https://assets.wasserstrom.com/image/upload/f_auto/pdp-leaderboard-quote-kitchen-desktop?scl=1&fmt=jpg&qlt=85,N/A,N/A,N/A,N/A,N/A,N/A,N/A,N/A,N/A,Italy,8007815280599,N/A,No,No,12,https://www.wasserstrom.com/restaurant-supplies-equipment/glass-martini-7-oz-rcr-crystal-melodia-6121843
"Steelite 5394S079 Laguiole 9"" Steak Knife w/ Horn Handle - 6 / CS",6122402,5394S079,6122402,https://assets.wasserstrom.com/image/upload/f_auto/pdp-leaderboard-quote-kitchen-desktop?scl=1&fmt=jpg&qlt=85,N/A,N/A,N/A,N/A,N/A,N/A,N/A,N/A,N/A,France,3219331311403,N/A,No,No,6,https://www.wasserstrom.com/restaurant-supplies-equipment/knife-steak-9-quot;-abs-horn-dubost-laguiole-6122402
"Steelite 6538B434 Sunset Bronze 10.25"" Bowl - 6 / CS",6122403,6538B434,6122403,https://assets.wasserstrom.com/image/upload/f_auto/pdp-leaderboard-quote-kitchen-desktop?scl=1&fmt=jpg&qlt=85,N/A,N/A,N/A,N/A,N/A,N/A,N/A,N/A,N/A,Czech Republic,5018461559215,N/A,No,No,6,https://www.wasserstrom.com/restaurant-supplies-equipment/bowl-15-qt-1025-quot;d-hurand-sunset-bronze-6122403
Steelite GWSSD30V S/S Oval 1.25 quart Dish - 6 / CS,6122497,GWSSD30V,6122497,https://assets.wasserstrom.com/image/upload/f_auto/pdp-leaderboard-quote-kitchen-desktop?scl=1&fmt=jpg&qlt=85,N/A,N/A,N/A,N/A,N/A,N/A,N/A,N/A,N/A,India,5018461757369,N/A,No,No,6,https://www.wasserstrom.com/restaurant-supplies-equipment/dish-125-qt-14-1-4x8-1-4x2-1-4-oval-s-s-6122497
Diversified Ceramics DCI118UW Royal White 12 oz. Coffee Mug - 24 / CS,6122595,DCI118UW,6122595,https://assets.wasserstrom.com/image/upload/f_auto/pdp-leaderboard-quote-kitchen-desktop?scl=1&fmt=jpg&qlt=85,N/A,N/A,N/A,N/A,N/A,N/A,N/A,N/A,N/A,China,844911802705,N/A,No,No,24,https://www.wasserstrom.com/restaurant-supplies-equipment/mug-coffee-12-oz-royal-ultra-white-6122595
"Walco WLID7280 Idol 12"" Serving Tong - 12 / CS",6122612,WLID7280,6122612,https://assets.wasserstrom.com/image/upload/f_auto/pdp-leaderboard-quote-kitchen-desktop?scl=1&fmt=jpg&qlt=85,"These Tongs from the Walco Idol™ collection are expertly crafted from high-quality stainless steel, offering exceptional durability and corrosion resistance. Measuring 12 inches in length, these tongs feature a sleek, ergonomic design with pistol grip finger holds and a hollow handle that dissipates heat—ideal for buffet lines and professional kitchens. Their polished finish adds a touch of elegance while ensuring reliable performance for a variety of culinary tasks.",Steel,Silver,N/A,12 Inches,N/A,N/A,N/A,N/A,China,076771472803,N/A,No,No,12,https://www.wasserstrom.com/restaurant-supplies-equipment/tong-serving-12-quot;-walco-idol-18-10-s-s-6122612
"Folio 6211FA005 Mar Azores 11"" x 6.75"" Oval Plate - 12 / CS",6122659,6211FA005,6122659,https://assets.wasserstrom.com/image/upload/f_auto/pdp-leaderboard-quote-dining-room-desktop?scl=1&fmt=jpg&qlt=85,"Rustic charm and crafted to perfection, this plate from the Folio Azores collection delivers rustic charm with modern durability. Featuring a hand-applied glaze that creates unique, artisan-style variations, this piece is crafted from porcelain for exceptional strength and resistance to chipping. Perfect for presenting main dishes, salads, or sides, it adds warmth and character to any dining experience.",Porcelain,Blue,N/A,11 Inches,6.75 Inches,N/A,N/A,N/A,Portugal,5018461692288,N/A,No,No,12,https://www.wasserstrom.com/restaurant-supplies-equipment/plate-11-quot;-x-675-quot;-oval-folio-azores-mar-6122659
"Folio 6210FA005 Costa Azores 11 x 6.75"" Oval Plate - 12 / CS",6122662,6210FA005,6122662,https://assets.wasserstrom.com/image/upload/f_auto/pdp-leaderboard-quote-dining-room-desktop?scl=1&fmt=jpg&qlt=85,N/A,N/A,N/A,N/A,N/A,N/A,N/A,N/A,N/A,Portugal,5018461692202,N/A,No,No,12,https://www.wasserstrom.com/restaurant-supplies-equipment/plate-11-quot;x-675-quot;-oval-folio-azores-costa-6122662
"Walco WL09051FST Semi Fieldstone 8-1/4"" Euro Table Fork - Dozen",6122740,WL09051FST,6122740,https://assets.wasserstrom.com/image/upload/f_auto/pdp-leaderboard-quote-kitchen-desktop?scl=1&fmt=jpg&qlt=85,N/A,N/A,N/A,N/A,N/A,N/A,N/A,N/A,N/A,China,076771951377,N/A,No,No,12,https://www.wasserstrom.com/restaurant-supplies-equipment/fork-table-euro-8-1-4-quot;-fieldstone-semi-6122740
Steelite UCT9026 Utopia Barista Red 15 ounce Mug - 36 / CS,6122878,UCT9026,6122878,https://assets.wasserstrom.com/image/upload/f_auto/pdp-leaderboard-quote-kitchen-desktop?scl=1&fmt=jpg&qlt=85,"This Mug from the Utopia Barista collection is a 15 oz. porcelain vessel designed for professional beverage service. It features a vibrant Barista Red finish and a rolled edge with a built-in handle for ergonomic comfort and storage flexibility. Ideal for coffee shops, restaurants, and hotels, this mug combines stylish presentation with durable construction for high-volume use.",Porcelain,Red,N/A,4 Inches,4 Inches,5.25 Inches,15 Ounces,N/A,China,5060020527142,N/A,No,No,36,https://www.wasserstrom.com/restaurant-supplies-equipment/mug-15-oz-utopia-barista-red-6122878
Nude P22365 Vertigo 15-3/4 ounce Water Glass - 6 / CS,6122901,P22365,6122901,https://assets.wasserstrom.com/image/upload/f_auto/pdp-leaderboard-quote-dining-room-desktop?scl=1&fmt=jpg&qlt=85,"This Water Glass from the Nude Stem Zero Ion collection is a 15.75 oz. crystalline vessel designed for clarity, balance, and elegance. Featuring a seamless, minimalist silhouette and refined proportions, it enhances the presentation of water, juice, or cocktails in upscale dining settings. Its Ion Shielding technology adds durability without compromising the delicate feel, making it ideal for restaurants, hotels, and catered events.",Crystalline,Clear,Stem Zero Ion,3.625 Inches,3.625 Inches,4.625 Inches,15.75 Ounces,N/A,Turkey,8693357458529,N/A,No,No,6,https://www.wasserstrom.com/restaurant-supplies-equipment/glass-water-15-3-4-oz-nude-vertigo-6122901
"Steelite 17850471 Rose Quartz 3"" Stacking Tray - 12 / CS",6123320,17850471,6123320,https://assets.wasserstrom.com/image/upload/f_auto/pdp-leaderboard-quote-dining-room-desktop?scl=1&fmt=jpg&qlt=85,"This Stacking Deep Plate from the Aurora Vesuvius collection is a round dish crafted from alumina vitrified ceramic for superior durability and moisture resistance. Measuring 3"" in diameter, it features a stunning Rose Quartz reactive glaze that adds a handcrafted, elegant touch to any presentation. Freezer, microwave, and dishwasher safe, this plate is ideal for serving condiments, amuse-bouches, or small appetizers in professional hospitality settings.",China,Rose,N/A,N/A,3 Inches,1.06 Inches,N/A,N/A,United Kingdom,5018461673911,N/A,No,No,12,https://www.wasserstrom.com/restaurant-supplies-equipment/tray-stacking-3-quot;diax3-4-quot;h-rose-quartz-6123320
"Steelite 17830471 Burnt Emerald 3"" Stacking Tray - 12 / CS",6123322,17830471,6123322,https://assets.wasserstrom.com/image/upload/f_auto/pdp-leaderboard-quote-dining-room-desktop?scl=1&fmt=jpg&qlt=85,"This Stacking Tray from the Aurora Vesuvius collection is a compact and stylish serving piece, ideal for presenting small bites, condiments, or amuse-bouches. Crafted from fully vitrified ceramic, it offers exceptional durability and resistance to moisture and thermal shock. Measuring 3"" in diameter with a low profile, it features a stunning Burnt Emerald reactive glaze that adds a handcrafted, artisanal touch to any tabletop setting. Perfect for upscale dining and hospitality environments.",China,Emerald,N/A,N/A,3 Inches,1.06 Inches,N/A,N/A,United Kingdom,5018461672143,N/A,No,No,12,https://www.wasserstrom.com/restaurant-supplies-equipment/tray-stacking-3-quot;diax3-4-quot;h-burnt-emerald-6123322
"Steelite 17840471 Amber 3"" Stacking Tray - 12 / CS",6123323,17840471,6123323,https://assets.wasserstrom.com/image/upload/f_auto/pdp-leaderboard-quote-kitchen-desktop?scl=1&fmt=jpg&qlt=85,"This Stacking Deep Plate from the Aurora Vesuvius collection is a round dish crafted from Alumina Vitrified for superior durability and moisture resistance. Measuring 3"" in diameter,  it features a stunning Rose Quartz reactive glaze that adds a handcrafted, elegant touch to any presentation. Freezer, microwave, and dishwasher safe, this plate is ideal for serving condiments, amuse-bouches, or small appetizers in professional hospitality settings.",China,Amber,N/A,N/A,3 Inches,1 Inch,N/A,N/A,United Kingdom,5018461672327,N/A,No,No,12,https://www.wasserstrom.com/restaurant-supplies-equipment/tray-stacking-3-quot;diax3-4-quot;h-amber-6123323
"Steelite 12050641 Nyx Black 11-1/2"" Oval Tray - 6 / CS",6123450,12050641,6123450,https://assets.wasserstrom.com/image/upload/f_auto/pdp-leaderboard-quote-kitchen-desktop?scl=1&fmt=jpg&qlt=85,N/A,N/A,N/A,N/A,N/A,N/A,N/A,N/A,N/A,United Kingdom,5018461758571,N/A,No,No,6,https://www.wasserstrom.com/restaurant-supplies-equipment/tray-11-1-2-quot;-oval-performance-nyx-black-6123450
Steelite 664RCR319 Combo 12-1/2 ounce DOF Glass - 12 / CS,6123706,664RCR319,6123706,https://assets.wasserstrom.com/image/upload/f_auto/pdp-leaderboard-quote-dining-room-desktop?scl=1&fmt=jpg&qlt=85,N/A,N/A,N/A,N/A,N/A,N/A,N/A,N/A,N/A,Italy,8007815263387,N/A,No,No,12,https://www.wasserstrom.com/restaurant-supplies-equipment/glass-dof-12-1-2-oz-rcr-crystal-combo-6123706
Diversified Ceramics DCI746MB Black 15 ounce Onion Soup Bowl - 12 / CS,6123825,DCI746MB,6123825,https://assets.wasserstrom.com/image/upload/f_auto/pdp-leaderboard-quote-dining-room-desktop?scl=1&fmt=jpg&qlt=85,N/A,N/A,N/A,N/A,N/A,N/A,N/A,N/A,N/A,China,008449746862,N/A,No,No,12,https://www.wasserstrom.com/restaurant-supplies-equipment/bowl-onion-soup-15-oz-re-matte-black-6123825
Walco WLWI11SB Idol Bain Marie 11-1/2 quart Soup Chafer,6124157,WLWI11SB,6124157,https://assets.wasserstrom.com/image/upload/f_auto/pdp-leaderboard-quote-kitchen-desktop?scl=1&fmt=jpg&qlt=85,N/A,N/A,N/A,N/A,N/A,N/A,N/A,N/A,N/A,China,076771411789,N/A,No,No,N/A,https://www.wasserstrom.com/restaurant-supplies-equipment/chafer-soup-11-1-2qt-bain-marie-idol-6124157
Nude P64172 Savage 8.75 ounce Water Glass - 24 / CS,6124247,P64172,6124247,https://assets.wasserstrom.com/image/upload/f_auto/pdp-leaderboard-quote-dining-room-desktop?scl=1&fmt=jpg&qlt=85,N/A,N/A,N/A,N/A,N/A,N/A,N/A,N/A,N/A,Turkey,8693357501805,N/A,No,No,24,https://www.wasserstrom.com/restaurant-supplies-equipment/glass-water-875oz-pasabache-nude-savage-6124247
"Steelite KMK1006ES Espresso 12"" x 3""H Riser/Box",6124403,KMK1006ES,6124403,https://assets.wasserstrom.com/image/upload/f_auto/pdp-leaderboard-quote-dining-room-desktop?scl=1&fmt=jpg&qlt=85,N/A,N/A,N/A,N/A,N/A,N/A,N/A,N/A,N/A,China,5018461615096,N/A,No,No,N/A,https://www.wasserstrom.com/restaurant-supplies-equipment/riser-box-12-quot;x-3-quot;h-kenny-mack-espresso-6124403
Hall China HL2290AWHA White Shell 4-1/4 ounce Baking Dish - 24 / CS,6124825,HL2290AWHA,6124825,https://assets.wasserstrom.com/image/upload/f_auto/pdp-leaderboard-quote-dining-room-desktop?scl=1&fmt=jpg&qlt=85,N/A,N/A,N/A,N/A,N/A,N/A,N/A,N/A,N/A,China,755442051621,N/A,No,No,24,https://www.wasserstrom.com/restaurant-supplies-equipment/dish-baking-4-1-4-oz-shell-white-24-cs-6124825
"Homer Laughlin HL464342 Fiesta Daffodil 7-1/4"" Plate - 12 / CS",6112007,HL456342,6112007,https://assets.wasserstrom.com/image/upload/f_auto/pdp-leaderboard-quote-dining-room-desktop?scl=1&fmt=jpg&qlt=85,N/A,N/A,N/A,N/A,N/A,N/A,N/A,N/A,N/A,United States,042648437626,N/A,No,No,12,https://www.wasserstrom.com/restaurant-supplies-equipment/plate-7-1-4-quot;dia-homer-fiesta-daffodil-6124894
"Homer Laughlin HL457342 Fiesta Daffodil 11-5/8"" Plate - 12 / CS",6112007,HL456342,6112007,https://assets.wasserstrom.com/image/upload/f_auto/pdp-leaderboard-quote-kitchen-desktop?scl=1&fmt=jpg&qlt=85,N/A,N/A,N/A,N/A,N/A,N/A,N/A,N/A,N/A,United States,042648439811,N/A,No,No,12,https://www.wasserstrom.com/restaurant-supplies-equipment/plate-11-5-8-quot;dia-homer-fiesta-daffodil-6124895
Steelite GWRAMST2CV Vintage Copper 2-1/2 ounce Ramekin - 24 / CS,6125023,GWRAMST2CV,6125023,https://assets.wasserstrom.com/image/upload/f_auto/pdp-leaderboard-quote-kitchen-desktop?scl=1&fmt=jpg&qlt=85,N/A,N/A,N/A,N/A,N/A,N/A,N/A,N/A,N/A,China,5018461727171,N/A,No,No,24,https://www.wasserstrom.com/restaurant-supplies-equipment/ramekin-2-1-2oz-2-3-8-quot;-gw-vintage-copper-6125023
Steelite OG10076631 Gembrook 11 ounce Mug - 24 / CS,6125246,OG10076631,6125246,https://assets.wasserstrom.com/image/upload/f_auto/pdp-leaderboard-quote-dining-room-desktop?scl=1&fmt=jpg&qlt=85,N/A,N/A,N/A,N/A,N/A,N/A,N/A,N/A,N/A,China,5018461740965,N/A,No,No,24,https://www.wasserstrom.com/restaurant-supplies-equipment/mug-11oz-5-quot;x35-quot;x23-quot;h-round-24-cs-6125246
Steelite GWSVC8CV S/S Round 12.75 ounce Serving Cup - 12 / CS,6125252,GWSVC8CV,6125252,https://assets.wasserstrom.com/image/upload/f_auto/pdp-leaderboard-quote-kitchen-desktop?scl=1&fmt=jpg&qlt=85,N/A,N/A,N/A,N/A,N/A,N/A,N/A,N/A,N/A,China,5018461727195,N/A,No,No,12,https://www.wasserstrom.com/restaurant-supplies-equipment/cup-serving-1275oz-round-s-s-12-cs-6125252
Steelite GWSJG5CV Vintage Copper 18/0 S/S 5 ounce Jug - 12 / CS,6125345,GWSJG5CV,6125345,https://assets.wasserstrom.com/image/upload/f_auto/pdp-leaderboard-quote-kitchen-desktop?scl=1&fmt=jpg&qlt=85,N/A,N/A,N/A,N/A,N/A,N/A,N/A,N/A,N/A,China,5018461727188,N/A,No,No,12,https://www.wasserstrom.com/restaurant-supplies-equipment/jug-5-oz-18-0-s-s-gw-london-vntge-copper-6125345
Steelite 7186TM516 Cali Blue Lagoon 9.5 ounce Melamine Dish - 12 / CS,6125442,7186TM516,6125442,https://assets.wasserstrom.com/image/upload/f_auto/pdp-leaderboard-quote-kitchen-desktop?scl=1&fmt=jpg&qlt=85,This Steelite 9.5 ounce dish is part of the Cali Blue Lagoon Collection and is ideal for serving appetizers or small dishes. Its sleek design and robust construction ensure it is both practical and stylish and the durable melamine construction make it perfect for both indoor and outdoor use.,Melamine,Blue,Blue Lagoon,5 Inches,5 Inches,1.88 Inches,9.5 Ounces,N/A,China,5018461747070,N/A,No,No,12,https://www.wasserstrom.com/restaurant-supplies-equipment/dish-95-oz-melamine-cali-blue-lagoon-6125442
Steelite 7186TM521 Cali Blue Lagoon 14.5 x 7 in Melamine Tray - 6 / CS,6125444,7186TM521,6125444,https://assets.wasserstrom.com/image/upload/f_auto/pdp-leaderboard-quote-kitchen-desktop?scl=1&fmt=jpg&qlt=85,"This large tray from Steelite is part of the Cali Blue Lagoon Collection, showcasing a beautiful blue hue. Crafted from durable melamine, this 14.5"" x 7"" tray is perfect for casual dining settings and is part of a versatile range that includes various serving vessels, bowls, and dishes. Its blue color and sturdy construction make it suitable for both indoor and outdoor use, adding a stylish and practical touch to any table.",Melamine,Blue,Blue Lagoon,14.5 Inches,7 Inches,1 Inch,N/A,N/A,China,5018461747094,N/A,No,No,6,https://www.wasserstrom.com/restaurant-supplies-equipment/tray-145-quot;x-7-quot;-rect-melamine-cali-blue-6125444
"Steelite 5392S057 Laguiole Black Dubost 9"" Steak Knife - 6 / CS",6125775,5392S057,6125775,https://assets.wasserstrom.com/image/upload/f_auto/pdp-leaderboard-quote-kitchen-desktop?scl=1&fmt=jpg&qlt=85,N/A,N/A,N/A,N/A,N/A,N/A,N/A,N/A,N/A,France,3219330067011,N/A,No,No,6,https://www.wasserstrom.com/restaurant-supplies-equipment/knife-steak-9-quot;-13-0-dubost-laguiole-blk-6125775
"Steelite 7180TM514 Cali Redwood 4 x 4"" Square Dish - 12 / CS",6126353,7180TM514,6126353,https://assets.wasserstrom.com/image/upload/f_auto/pdp-leaderboard-quote-dining-room-desktop?scl=1&fmt=jpg&qlt=85,N/A,N/A,N/A,N/A,N/A,N/A,N/A,N/A,N/A,China,5018461677360,N/A,No,No,12,https://www.wasserstrom.com/restaurant-supplies-equipment/dish-square-4-apos;x4-quot;-cali-redwood-1dz-cs-6126353
"Steelite 5970SX194 Radford 18/10 6-7/8"" Snail Tong - 12 / CS",6126639,5970SX194,6126639,https://assets.wasserstrom.com/image/upload/f_auto/pdp-leaderboard-quote-dining-room-desktop?scl=1&fmt=jpg&qlt=85,"These Radford Snail Tongs are a 6-7/8-inch utensil designed for securely gripping and serving escargot. Constructed from 18/10 stainless steel, these tongs provide a firm yet delicate grip, ensuring ease of use in fine dining settings. Their sleek and ergonomic design enhances the presentation of gourmet dishes.",Stainless Steel,Silver,Radford,6.9 Inches,N/A,N/A,N/A,N/A,Vietnam,5055202609600,N/A,No,No,12,https://www.wasserstrom.com/restaurant-supplies-equipment/tong-snail-9-quot;-rw-radford-18-10-6126639
Steelite 6525DL009 Maritime 22.75 x 5.1 in Wood Serving Board - 6 / CS,6126658,6525DL009,6126658,https://assets.wasserstrom.com/image/upload/f_auto/pdp-leaderboard-quote-dining-room-desktop?scl=1&fmt=jpg&qlt=85,N/A,N/A,N/A,N/A,N/A,N/A,N/A,N/A,N/A,Spain,5018461737958,N/A,No,No,6,https://www.wasserstrom.com/restaurant-supplies-equipment/board-serving-2275-quot;x51-quot;-maritime-wood-6126658
Steelite 6525DL011 Maritime 14.13 x 11 in. Wood Serving Board - 6 / CS,6126884,6525DL011,6126884,https://assets.wasserstrom.com/image/upload/f_auto/pdp-leaderboard-quote-kitchen-desktop?scl=1&fmt=jpg&qlt=85,N/A,N/A,N/A,N/A,N/A,N/A,N/A,N/A,N/A,Spain,5018461737972,N/A,No,No,6,https://www.wasserstrom.com/restaurant-supplies-equipment/servingboard-14-1-8-quot;x11-quot;-maritime-wood-6126884
Pasabahce P440359 20.5 ounce Wine Glass - 24 / CS,6127092,P440359,6127092,https://assets.wasserstrom.com/image/upload/f_auto/pdp-leaderboard-quote-kitchen-desktop?scl=1&fmt=jpg&qlt=85,N/A,N/A,N/A,N/A,N/A,N/A,N/A,N/A,N/A,Turkey,N/A,N/A,No,No,24,https://www.wasserstrom.com/restaurant-supplies-equipment/glass-wine-9-3-8-quot;h-205oz-24-cs-6127092
"Steelite 6005SX001 Palm 18/10 S/S 6.5"" Teaspoon - Dozen",6127501,6005SX001,6127501,https://assets.wasserstrom.com/image/upload/f_auto/pdp-leaderboard-quote-kitchen-desktop?scl=1&fmt=jpg&qlt=85,N/A,N/A,N/A,N/A,N/A,N/A,N/A,N/A,N/A,Vietnam,5055202610521,N/A,No,No,12,https://www.wasserstrom.com/restaurant-supplies-equipment/teaspoon-65-quot;-18-10-rwelch-palm-6127501
Steelite 6005SX002 Palm 18/10 S/S 7.6 in. Oval Bowl Soup Spoon - Dozen,6127502,6005SX002,6127502,https://assets.wasserstrom.com/image/upload/f_auto/pdp-leaderboard-quote-kitchen-desktop?scl=1&fmt=jpg&qlt=85,N/A,N/A,N/A,N/A,N/A,N/A,N/A,N/A,N/A,Vietnam,5055202606159,N/A,No,No,12,https://www.wasserstrom.com/restaurant-supplies-equipment/spoon-soup-76-quot;-oval-bowl-rwelch-palm-6127502
"Steelite 6005SX005 Palm 18/10 S/S 4"" Coffee Spoon - Dozen",6127503,6005SX005,6127503,https://assets.wasserstrom.com/image/upload/f_auto/pdp-leaderboard-quote-dining-room-desktop?scl=1&fmt=jpg&qlt=85,N/A,N/A,N/A,N/A,N/A,N/A,N/A,N/A,N/A,Vietnam,5055202607804,N/A,No,No,12,https://www.wasserstrom.com/restaurant-supplies-equipment/spoon-coffee-4-quot;-18-10-rwelch-palm-6127503
"Steelite 6005SX021 Palm 18/10 S/S 8"" Dinner Fork - Dozen",6127504,6005SX021,6127504,https://assets.wasserstrom.com/image/upload/f_auto/pdp-leaderboard-quote-kitchen-desktop?scl=1&fmt=jpg&qlt=85,N/A,N/A,N/A,N/A,N/A,N/A,N/A,N/A,N/A,Vietnam,5055202606074,N/A,No,No,12,https://www.wasserstrom.com/restaurant-supplies-equipment/fork-dinner-18-10-rwelch-palm-6127504
"Steelite 6005SX042 Palm 18/10 S/S 9.5"" Dinner Knife - Dozen",6127506,6005SX042,6127506,https://assets.wasserstrom.com/image/upload/f_auto/pdp-leaderboard-quote-kitchen-desktop?scl=1&fmt=jpg&qlt=85,N/A,N/A,N/A,N/A,N/A,N/A,N/A,N/A,N/A,Vietnam,5055202606050,N/A,No,No,12,https://www.wasserstrom.com/restaurant-supplies-equipment/knife-dinner-95-quot;18-10-rwelch-palm-6127506
Steelite 82107AND0119 Burnished Gold 9 ounce Sugar Bowl - 12 / CS,6127529,82107AND0119,6127529,https://assets.wasserstrom.com/image/upload/f_auto/pdp-leaderboard-quote-dining-room-desktop?scl=1&fmt=jpg&qlt=85,N/A,N/A,N/A,N/A,N/A,N/A,N/A,N/A,N/A,China,5018461667699,N/A,No,No,12,https://www.wasserstrom.com/restaurant-supplies-equipment/bowl-sugar-9oz-edwards-burnished-gold-6127529
Steelite 17790470 Aurora Revolution Granite 4 ounce Tray - 12 / CS,6127703,17790470,6127703,https://assets.wasserstrom.com/image/upload/f_auto/pdp-leaderboard-quote-kitchen-desktop?scl=1&fmt=jpg&qlt=85,N/A,N/A,N/A,N/A,N/A,N/A,N/A,N/A,N/A,United Kingdom,5018461672587,N/A,No,No,12,https://www.wasserstrom.com/restaurant-supplies-equipment/tray-stacking-4-oz-aurora-rvltn-granite-6127703
"Steelite 6005SX025 Palm 18/10 5.375"" Canape Fork - Dozen",6128829,6005SX025,6128829,https://assets.wasserstrom.com/image/upload/f_auto/pdp-leaderboard-quote-kitchen-desktop?scl=1&fmt=jpg&qlt=85,N/A,N/A,N/A,N/A,N/A,N/A,N/A,N/A,N/A,Vietnam,5055202635418,N/A,No,No,12,https://www.wasserstrom.com/restaurant-supplies-equipment/fork-canape-5375-quot;-18-10-r-welch-palm-6128829
Steelite UCT8135 Utopia Red 12.25 ounce Coffee Cup - 36 / CS,6130799,UCT8135,6130799,https://assets.wasserstrom.com/image/upload/f_auto/pdp-leaderboard-quote-dining-room-desktop?scl=1&fmt=jpg&qlt=85,N/A,N/A,N/A,N/A,N/A,N/A,N/A,N/A,N/A,China,5060020522291,N/A,No,No,36,https://www.wasserstrom.com/restaurant-supplies-equipment/cup-coffee-1225oz-utopia-red-36-cs-6130799
Utopia UR90228012 Hayworth Soda Lime 10.5 ounce Martini - 12 / CS,6130840,UR90228012,6130840,https://assets.wasserstrom.com/image/upload/f_auto/pdp-leaderboard-quote-kitchen-desktop?scl=1&fmt=jpg&qlt=85,N/A,N/A,N/A,N/A,N/A,N/A,N/A,N/A,N/A,N/A,N/A,N/A,No,No,12,https://www.wasserstrom.com/restaurant-supplies-equipment/martini-105oz-hayworth-soda-lime-12-cs-6130840
"Steelite 6004SX075 Norton 18/10 S/S 7"" Bouillon Spoon - Dozen",6131259,6004SX075,6131259,https://assets.wasserstrom.com/image/upload/f_auto/pdp-leaderboard-quote-dining-room-desktop?scl=1&fmt=jpg&qlt=85,N/A,N/A,N/A,N/A,N/A,N/A,N/A,N/A,N/A,Vietnam,5055202610033,N/A,No,No,12,https://www.wasserstrom.com/restaurant-supplies-equipment/spoon-bouillon-7-quot;-rw-norton-18-10-s-s-6131259
Steelite GWRAMST115C Genware S/S Copper 1.5 ounce Ramekin - 24 / CS,6131301,GWRAMST115C,6131301,https://assets.wasserstrom.com/image/upload/f_auto/pdp-leaderboard-quote-dining-room-desktop?scl=1&fmt=jpg&qlt=85,N/A,N/A,N/A,N/A,N/A,N/A,N/A,N/A,N/A,India,5020403090908,N/A,No,No,24,https://www.wasserstrom.com/restaurant-supplies-equipment/ramekin-15oz-coppergenware-s-s-24-cs-6131301
Homer Laughlin HL13229200 Flipside 14 ounce Mug - 12 / CS,6131668,HL13229200,6131668,https://assets.wasserstrom.com/image/upload/f_auto/pdp-leaderboard-quote-dining-room-desktop?scl=1&fmt=jpg&qlt=85,N/A,N/A,N/A,N/A,N/A,N/A,N/A,N/A,N/A,China,042648290030,N/A,No,No,12,https://www.wasserstrom.com/restaurant-supplies-equipment/mug-14-oz-55-quot;x3625-quot;x4-quot;-hl-flipside-6131668
"Steelite 6000SX005 Iona 18/10 4-1/2"" AD Coffee Spoon - Dozen",6132589,6000SX005,6132589,https://assets.wasserstrom.com/image/upload/f_auto/pdp-leaderboard-quote-dining-room-desktop?scl=1&fmt=jpg&qlt=85,N/A,N/A,N/A,N/A,N/A,N/A,N/A,N/A,N/A,Vietnam,5060071736180,N/A,No,No,12,https://www.wasserstrom.com/restaurant-supplies-equipment/spoon-coffee-ad-4-1-2-quot;-18-10-iona-6132589
Varick 6900E511 Classic Cafe Porcelain 7 Oz. Bouillon Bowl - 12 / CS,538132,6900E532,538132,https://assets.wasserstrom.com/image/upload/f_auto/pdp-leaderboard-quote-dining-room-desktop?scl=1&fmt=jpg&qlt=85,"This 7 ounce bouillon bowl from Steelite is perfect for use in restaurants and banquet facilities. It is part of the Varick Cafe Porcelain Collection and the white color and simple design will blend with any dining decor. This stacking bowl features a superior glaze that adds a beautiful finished look and is dishwasher, oven and microwave safe.",Porcelain,White,Classic Cafe,N/A,3.25 Inches,2.75 Inches,7 Ounces,N/A,China,05018461344569,N/A,No,No,Case = 12,https://www.wasserstrom.com/restaurant-supplies-equipment/steelite-6900e511-varick-cafe-porcelain-7-oz-bouillon-bowl---12---cs-638294
"Steelite 9001C078 Distinction Metro White 5.5"" Square Plate - 36 / CS",588655,9001C084,588655,https://assets.wasserstrom.com/image/upload/f_auto/pdp-leaderboard-quote-dining-room-desktop?scl=1&fmt=jpg&qlt=85,"Showcase your favorite cakes and pies by serving them on the 5&dash;1&sol;2"" white Metro plate. Design with rounded edges for a contemporary look.",China,White,Metro,5.5 Inches,5.5 Inches,N/A,N/A,N/A,United Kingdom,N/A,N/A,No,No,Case = 36,https://www.wasserstrom.com/restaurant-supplies-equipment/steelite-9001c078-distinction-metro-white-55-square-plate---36---cs-639964
Anfora A100P030 American Basics White 3.5 Oz. Fruit Dish - 24 / CS,545208,A100P032,545208,https://assets.wasserstrom.com/image/upload/f_auto/pdp-leaderboard-quote-dining-room-desktop?scl=1&fmt=jpg&qlt=85,"This saucer fits the Anfora American Basics 8.25 ounce coffee cup, A100P179.",China,White,N/A,4.5,4.5,1.13,3.5 Ounces,N/A,Mexico,N/A,N/A,No,No,Case = 24,https://www.wasserstrom.com/restaurant-supplies-equipment/steelite-a100p030-anfora-american-basics-4-1-2-fruit-dish---24---cs-645619
Varick 6900E521 Classic Cafe Porcelain 10 x 6-3/4 Platter - 12 / CS,340594,6900E500,340594,https://assets.wasserstrom.com/image/upload/f_auto/pdp-leaderboard-quote-dining-room-desktop?scl=1&fmt=jpg&qlt=85,"This 10"" x 6.75"" porcelain platter from Steelite is perfect for use in restaurants and banquet facilities. It is part of the Varick Cafe Porcelain Collection and the white color and simple design will blend with any dining decor. This platter features a superior glaze that adds a beautiful finished look and is dishwasher, oven and microwave safe.",Porcelain,White,Classic Cafe,10 Inches,6.75 Inches,N/A,N/A,N/A,China,N/A,N/A,No,No,Case = 12,https://www.wasserstrom.com/restaurant-supplies-equipment/steelite-6900e521-varick-cafe-porcelain-10-x-6-3-4-platter---12---cs-674982
Varick 6900E517 Bistro White 16 Oz. Cereal Bowl - 12 / CS,6016468,6900E551,6016468,https://assets.wasserstrom.com/image/upload/f_auto/pdp-leaderboard-quote-kitchen-desktop?scl=1&fmt=jpg&qlt=85,"This 16 ounce cereal bowl from Steelite has a diameter of 7"" and is perfect for restaurants or diners. It is part of the Varick Cafe Porcelain Collection and features a superior glaze that adds a beautiful finished look. This bowl is dishwasher, oven and microwave safe.",Porcelain,White,Bistro,7 Inches,7 Inches,2.13 Inches,16 Ounces,N/A,China,N/A,N/A,No,No,Case = 12,https://www.wasserstrom.com/restaurant-supplies-equipment/steelite-6900e517-varick-cafe-porcelain-16-oz-cereal-bowl---12---cs-721593
Rona 4813R284 Invitation 6 Oz Champagne Glass - 24 / CS,590239,4813R281,590239,https://assets.wasserstrom.com/image/upload/f_auto/pdp-leaderboard-quote-dining-room-desktop?scl=1&fmt=jpg&qlt=85,The Rona Invitation collection of glassware from Steelite has traditional bar glasses with a contemporary twist. The mouth of these glasses closes slightly to help develop the flavors and aromas of drinks.,Glass,Clear,Invitation,2.75 Inches,2.75 Inches,0,6 Ounces,N/A,Slovakia,N/A,N/A,No,No,Case = 24,https://www.wasserstrom.com/restaurant-supplies-equipment/steelite-4813r284-rona-invitation-6-oz-champagne-glass---24---cs-742172
Steelite 9032C733 Distinction Spyro White 5 Oz. Jug - 12 / CS,990664,9032C730,990664,https://assets.wasserstrom.com/image/upload/f_auto/pdp-leaderboard-quote-kitchen-desktop?scl=1&fmt=jpg&qlt=85,"This stylish, embossed 5 ounce jug from the Distinction Spyro collection can be used to serve cream or syrup.",China,White,Spyro,N/A,N/A,N/A,5 Ounces,N/A,United Kingdom,N/A,N/A,No,No,Case = 12,https://www.wasserstrom.com/restaurant-supplies-equipment/steelite-9032c733-distinction-spyro-white-5-oz-jug---12---cs-792655
Steelite 11010205 Simplicity White 1 Oz Cream Tot - 12 / CS,524420,11010139,524420,https://assets.wasserstrom.com/image/upload/f_auto/pdp-leaderboard-quote-kitchen-desktop?scl=1&fmt=jpg&qlt=85,Use this Madison 1 ounce cream tot to serve cream or pancake syrup. An essential for the breakfast table.,China,White,Vivaldi,1.5,1.5,1.75,1 Ounce,N/A,United Kingdom,N/A,N/A,No,No,Case = 12,https://www.wasserstrom.com/restaurant-supplies-equipment/steelite-11010205-simplicity-white-1-oz-cream-tot---12---cs-808134
Rona 4802R215 Stellar 15 Oz Highball Glass - 24 / CS,529928,4802R261,529928,https://assets.wasserstrom.com/image/upload/f_auto/pdp-leaderboard-quote-dining-room-desktop?scl=1&fmt=jpg&qlt=85,Fashionably sleek with clean lines and perfect for any occasion.,Glass,Clear,Stellar,2.75 Inches,2.75 Inches,0,15.5 Ounces,N/A,Slovakia,N/A,N/A,No,No,Case = 24,https://www.wasserstrom.com/restaurant-supplies-equipment/steelite-4802r215-rona-stellar-15-oz-highball-glass---24---cs-938322
Rona 4800R201 Artist 17.25 Oz. Wine Glass - 24 / CS,564944,4800R207,564944,https://assets.wasserstrom.com/image/upload/f_auto/pdp-leaderboard-quote-dining-room-desktop?scl=1&fmt=jpg&qlt=85,Perfectly designed wine glass from Steelite and a great choice for high&dash;end restaurants. The Artist collection is known for it's elegant designs and durability.,Glass,Clear,Artist,4 Inches,4 Inches,0,17.25 Ounces,N/A,Slovakia,N/A,N/A,No,No,Case = 24,https://www.wasserstrom.com/restaurant-supplies-equipment/steelite-4800r201-rona-artist-1725-oz-wine-glass---24---cs-564947
Varick 6900E584 Bistro White 10 Oz. Coffee Mug - 12 / CS,6016468,6900E551,6016468,https://assets.wasserstrom.com/image/upload/f_auto/pdp-leaderboard-quote-dining-room-desktop?scl=1&fmt=jpg&qlt=85,"Serve coffee, tea or other hot beverages with this 10 ounce mug from Steelite. It is part of the Varick Cafe Porcelain Collection and features a superior glaze with chip resistance. This mug is made from durable porcelain and is perfect for restaurants, hotels or banquet facilities.",Porcelain,White,Bistro,4,N/A,4.38,10 Ounces,N/A,China,N/A,N/A,No,No,Case = 12,https://www.wasserstrom.com/restaurant-supplies-equipment/steelite-6900e584-varick-white-10-oz-mug---12---cs-6014320
Steelite 11550524 Performance Craft White 14.5 Oz Bowl - 12 / CS,6025729,11550523,6025729,https://assets.wasserstrom.com/image/upload/f_auto/pdp-leaderboard-quote-kitchen-desktop?scl=1&fmt=jpg&qlt=85,"This 14.5 ounce bowl from Steelite is 7"" in diameter and is perfect for restaurants or banquet facilities. It is part of the Performance Craft White Collection and is inspired by hand&dash;crafted, simple country wares made by generations of potters over hundreds of years. This bowl features a gem&dash;like glaze and will add a rustic look to any table setting.",China,White,Craft White,7 Inches,7 Inches,N/A,14.5 Ounces,N/A,United Kingdom,N/A,N/A,No,No,Case = 12,https://www.wasserstrom.com/restaurant-supplies-equipment/steelite-11550524-craft-white-14-1-2-oz-freestyle-bowl---12---cs-6026005
Steelite 11300525 Performance Craft Blue 4 Oz. Bowl - 12 / CS,6022832,11300242,6022832,https://assets.wasserstrom.com/image/upload/f_auto/pdp-leaderboard-quote-dining-room-desktop?scl=1&fmt=jpg&qlt=85,"This bowl from Steelite is part of the Performance Craft Blue Collection and has a capacity of 4 ounces. It is inspired by hand&dash;crafted, simple country wares made by generations of potters over hundreds of years. It features a gem&dash;like glaze and will add a rustic look to any table setting.",China,White,Craft Blue,5 Inches,5 Inches,N/A,4 Ounces,N/A,United Kingdom,N/A,N/A,No,No,Case = 12,https://www.wasserstrom.com/restaurant-supplies-equipment/steelite-11300525-performance-craft-blue-4-oz-bowl---12--cs-6026741
"Steelite 11550501 Performance Craft White 14.63"" Plate - 6 / CS",6025729,11550523,6025729,https://assets.wasserstrom.com/image/upload/f_auto/pdp-leaderboard-quote-kitchen-desktop?scl=1&fmt=jpg&qlt=85,"This Performance Craft White plate comes in a 14.63"" size and has an irregular shape. It is made from ceramic and has a hand&dash;applied white glaze. This plate is safe for use in the microwave, freezer, and dishwasher, and is oven&dash;safe to 530°F. It has a lifetime edge chip warranty.",China,White,Craft White,14.63 Inches,14.63 Inches,N/A,N/A,N/A,United Kingdom,N/A,N/A,No,No,Case = 6,https://www.wasserstrom.com/restaurant-supplies-equipment/steelite-11550501-craft%C2%99-1463-white-plate---6---cs-6031378
"Folio 5729SX001 Alison 6-1/2"" Teaspoon - Dozen",6054769,5729SX023,6054769,https://assets.wasserstrom.com/image/upload/f_auto/pdp-leaderboard-quote-dining-room-desktop?scl=1&fmt=jpg&qlt=85,"The Alison Flatware Collection from Steelite features 18&sol;10 stainless steel construction that provides excellent stain and rust resistance with a long lasting shine. This 6&dash;1&sol;2"" teaspoon is part of the Alison Pattern with a beautiful mirrored hammered pattern. Perfect for banqueting and fine dining.",Stainless Steel,Silver,Alison,6.5,N/A,N/A,N/A,N/A,Vietnam,N/A,N/A,No,No,Dozen = 12,https://www.wasserstrom.com/restaurant-supplies-equipment/steelite-5729sx001-alison-6-1-2-quot;-teaspoon---dozen-6054764
"Folio 5729SX042 Alison 9-1/8"" Dinner Knife - Dozen",6054769,5729SX023,6054769,https://assets.wasserstrom.com/image/upload/f_auto/pdp-leaderboard-quote-dining-room-desktop?scl=1&fmt=jpg&qlt=85,"The Alison Flatware Collection from Steelite features 18&sol;10 stainless steel construction that provides excellent stain and rust resistance with a long lasting shine. This 9&dash;1&sol;8"" dinner knife is part of the Alison Pattern with a beautiful mirrored hammered pattern. Perfect for banqueting and fine dining.",Stainless Steel,Silver,Alison,9.13,N/A,N/A,N/A,N/A,Vietnam,105018461556023,N/A,No,No,Dozen = 12,https://www.wasserstrom.com/restaurant-supplies-equipment/steelite-5729sx042-alison-9-1-8-quot;-dinner-knife---dozen-6054767
"Folio 5729SX021 Alison 8-1/8"" Dinner Fork - Dozen",6054769,5729SX023,6054769,https://assets.wasserstrom.com/image/upload/f_auto/pdp-leaderboard-quote-dining-room-desktop?scl=1&fmt=jpg&qlt=85,"This 8&dash;1&sol;8"" dinner fork is part of the Alison Flatware Collection from Steelite. The durable 18&sol;10 stainless steel construction provides excellent stain and rust resistance with a long lasting shine. This dinner fork features the Alison Pattern with a beautiful mirrored hammered pattern. Perfect for banqueting and fine dining.",Stainless Steel,Silver,Alison,8.13,N/A,N/A,N/A,N/A,Vietnam,N/A,N/A,No,No,Dozen = 12,https://www.wasserstrom.com/restaurant-supplies-equipment/steelite-5729sx021-alison-8-1-8-quot;-dinner-fork---dozen-6054768
"Folio 5729SX023 Alison 6-7/8"" Salad &sol; Dessert Fork - Dozen",6054768,5729SX021,6054768,https://assets.wasserstrom.com/image/upload/f_auto/pdp-leaderboard-quote-dining-room-desktop?scl=1&fmt=jpg&qlt=85,This salad &sol; dessert fork is part of the Alison Pattern with a beautiful mirrored hammered pattern and is perfect for banqueting and fine dining. The Alison Flatware Collection from Steelite features 18&sol;10 stainless steel construction that provides excellent stain and rust resistance with a long lasting shine.,Stainless Steel,Silver,Alison,6.9,N/A,N/A,N/A,N/A,Vietnam,N/A,N/A,No,No,Dozen = 12,https://www.wasserstrom.com/restaurant-supplies-equipment/steelite-5729sx023-alison-6-7-8-quot;-salad---dessert-fork---dozen-6054769
Anfora A940P038 Denali Gray 12 Ounce Mug - 12 / CS,6062255,A940P179,6062255,https://assets.wasserstrom.com/image/upload/f_auto/pdp-leaderboard-quote-dining-room-desktop?scl=1&fmt=jpg&qlt=85,"This 12 ounce mug from Anfora is part of the Denali Gray Collection and features a beautiful, semi&dash;transparent blue &sol; gray glaze that is accented with a shadow rim. The hand&dash;crafted glaze application ensures a collection where no two pieces are exactly alike, making each piece one&dash;of&dash;a&dash;kind.",China,Gray,Denali Gray,N/A,4.88 Inches,4.63 Inches,12 Ounces,N/A,Mexico,N/A,N/A,No,No,Case = 12,https://www.wasserstrom.com/restaurant-supplies-equipment/anfora-a940p038-denali-gray-12-ounce-mug---12---cs-6056700
"Steelite 17560567 Charcoal Dapple 8"" Coupe Dinner Plate - 24 / CS",6081994,17560543,6081994,https://assets.wasserstrom.com/image/upload/f_auto/pdp-leaderboard-quote-dining-room-desktop?scl=1&fmt=jpg&qlt=85,"This 8"" plate from Steelite is part of the Performance Charcoal Dapple Collection and features a soft white body and bold rim that adds both a rustic and contemporary feel to your food service presentation.",China,White,Charcoal Dapple,8 Inches,8 Inches,N/A,N/A,N/A,United Kingdom,N/A,N/A,No,No,Case = 24,https://www.wasserstrom.com/restaurant-supplies-equipment/plate-dinner-8-quot;dia-coupe-charcoal-dapple-6080175
Steelite 12030569 Vesuvius Burnt Emerald 38 Ounce Bowl - 12 / CS,6107361,12030553,6107361,https://assets.wasserstrom.com/image/upload/f_auto/pdp-leaderboard-quote-dining-room-desktop?scl=1&fmt=jpg&qlt=85,"The Vesuvius range is a collection of three stunning reactive glazes, including Amber, Lapis and Emerald. Taking their names from some of nature's more precious materials, these glazes complement and contrast with each other and provide a rich and exciting platform for today's eclectic and diverse menus.",China,Green,Vesuvius Burnt Emerald,10 Inches,10 Inches,N/A,38 Ounces,N/A,United Kingdom,N/A,N/A,No,No,Case = 12,https://www.wasserstrom.com/restaurant-supplies-equipment/bowl-38oz-10-quot;d-vesuvius-burnt-emerald-6099787
Steelite 677RCR388 Timeless 12 Oz Double Old Fashioned Glass - 12 / CS,6111593,677RCR388,6111593,https://assets.wasserstrom.com/image/upload/f_auto/pdp-leaderboard-quote-kitchen-desktop?scl=1&fmt=jpg&qlt=85,N/A,N/A,N/A,N/A,N/A,N/A,N/A,N/A,N/A,Italy,8007815258857,N/A,No,No,12,https://www.wasserstrom.com/restaurant-supplies-equipment/glass-dbl-old-fash-12-oz-36-quot;h-timeless-6111593
"Steelite 7368MW512 Axis Spire Dark Wood 8.9 x 2.5""H Sugar Box",6127500,7368MW512,6127500,https://assets.wasserstrom.com/image/upload/f_auto/pdp-leaderboard-quote-dining-room-desktop?scl=1&fmt=jpg&qlt=85,N/A,N/A,N/A,N/A,N/A,N/A,N/A,N/A,N/A,N/A,5018461791745,N/A,No,No,N/A,https://www.wasserstrom.com/restaurant-supplies-equipment/box-sugar-89x-25-quot;h-axis-spire-drk-wood-6127500
Steelite UR90722024 Utopia Hayworth 12 ounce Tumbler Glass - 24 / CS,6128051,UR90722024,6128051,https://assets.wasserstrom.com/image/upload/f_auto/pdp-leaderboard-quote-dining-room-desktop?scl=1&fmt=jpg&qlt=85,N/A,N/A,N/A,N/A,N/A,N/A,N/A,N/A,N/A,China,N/A,N/A,No,No,24,https://www.wasserstrom.com/restaurant-supplies-equipment/glass-tumbler-12-oz-utopia-hayworth-6128051
Rona 4827R316 Stemless 18.25 Oz Double Old Fashioned Glass - 24 / CS,6074310,4827R190,6074310,https://assets.wasserstrom.com/image/upload/f_auto/pdp-leaderboard-quote-kitchen-desktop?scl=1&fmt=jpg&qlt=85,"The latest trend in glassware is sans stem. Serve cocktails of all kinds in this trendy old fashioned glass. The stemless design minimizes breakage while providing a sleek appearance,",Glass,Clear,N/A,4 Inches,4 Inches,0,18.25 Ounces,N/A,Slovakia,N/A,N/A,No,No,Case = 24,https://www.wasserstrom.com/restaurant-supplies-equipment/steelite-4827r316-1825-oz-double-old-fashioned-glass---24---cs-642317
Rona 4827R310 Stemless 15-1/2 oz Bordeaux Glass - 24 / CS,6074310,4827R190,6074310,https://assets.wasserstrom.com/image/upload/f_auto/pdp-leaderboard-quote-dining-room-desktop?scl=1&fmt=jpg&qlt=85,Rona Stemless is the latest trend and perfect for use in upscale bars or restaurants. The stemless design minimizes breakage while providing a sleek appearance.,Glass,Clear,N/A,3.38 Inches,3.38 Inches,0,15.5 Ounces,N/A,Slovakia,N/A,N/A,No,No,Case = 24,https://www.wasserstrom.com/restaurant-supplies-equipment/steelite-4827r310-rona-stemless-bordeaux-15-1-2-oz-glass---24---cs-692968
"Varick 6900E502 Classic Cafe Porcelain 10-5/8"" Plate - 12 / CS",340594,6900E500,340594,https://assets.wasserstrom.com/image/upload/f_auto/pdp-leaderboard-quote-kitchen-desktop?scl=1&fmt=jpg&qlt=85,"Serve delicious appetizers or main entrees with this 10.63"" round plate from Steelite. It is part of the Varick Cafe Porcelain Collection and features a superior glaze that adds a beautiful finished look. This plate is perfect for restaurants or banquet facilities and is dishwasher, oven and microwave safe.",Porcelain,White,Classic Cafe,10.63 Inches,10.63 Inches,N/A,N/A,N/A,China,N/A,N/A,No,No,Case = 12,https://www.wasserstrom.com/restaurant-supplies-equipment/steelite-6900e502-varick-cafe-porcelain-10-5-8-plate---12---cs-743113
Varick 6900E512 Classic Cafe Porcelain 10 Oz. Soup Bowl - 12 / CS,538132,6900E532,538132,https://assets.wasserstrom.com/image/upload/f_auto/pdp-leaderboard-quote-kitchen-desktop?scl=1&fmt=jpg&qlt=85,"Serve delicious soup or stew with this 10 ounce soup bowl from Steelite. It is part of the Varick Cafe Porcelain Collection and is perfect for restaurants or banquet facilities. This stacking bowl features a superior glaze that adds a beautiful finished look and is dishwasher, oven and microwave safe.",Porcelain,White,Classic Cafe,N/A,4.25 Inches,2.13 Inches,10 Ounces,N/A,China,N/A,N/A,No,No,Case = 12,https://www.wasserstrom.com/restaurant-supplies-equipment/steelite-6900e512-varick-cafe-porcelain-10-oz-soup-bowl---12---cs-766543
"Roselli  6950E708 White 9-1/2"" Round Riser",786632,6950E708,786632,https://assets.wasserstrom.com/image/upload/f_auto/pdp-leaderboard-quote-dining-room-desktop?scl=1&fmt=jpg&qlt=85,Elevate your culinary presentations by displaying them on this Roselli porcelain riser.,Porcelain,White,N/A,9.5 Inches,9.5 Inches,0,N/A,N/A,China,N/A,N/A,No,No,N/A,https://www.wasserstrom.com/restaurant-supplies-equipment/steelite-6950e708-roselli-9-1-2-round-riser-786632
Steelite 7810JB004 Baja Sandstone 2 oz. Melamine Stack Bowl - 24 / CS,6112854,7810JB023,6112854,https://assets.wasserstrom.com/image/upload/f_auto/pdp-leaderboard-quote-kitchen-desktop?scl=1&fmt=jpg&qlt=85,N/A,N/A,N/A,N/A,N/A,N/A,N/A,N/A,N/A,China,5018461693247,N/A,No,No,24,https://www.wasserstrom.com/restaurant-supplies-equipment/bowl-stack-melamine-2-oz-3-quot;dia-sandstone-6117062
Rona 4802R217 Stellar 10-1/4 Oz Beer Tumbler - 24 / CS,529928,4802R261,529928,https://assets.wasserstrom.com/image/upload/f_auto/pdp-leaderboard-quote-kitchen-desktop?scl=1&fmt=jpg&qlt=85,"The sleek design of this tumbler is great for beer, soda, water, or iced tea. The fine rim enhances the drinking experience.",Glass,Clear,Stellar,2.5 Inches,2.5 Inches,0,11 Ounces,N/A,Slovakia,N/A,N/A,No,No,Case = 24,https://www.wasserstrom.com/restaurant-supplies-equipment/steelite-4802r217-rona-stellar-10-1-4-oz-beer-tumbler---24---cs-922148
"Folio 5743SX005 Logan 4-3/4"" A.D. Coffee Spoon - Dozen",6087196,5743SX002,6087196,https://assets.wasserstrom.com/image/upload/f_auto/pdp-leaderboard-quote-dining-room-desktop?scl=1&fmt=jpg&qlt=85,"Create a traditional presentation with the classic beaded-rim design of Logan. Made of 18/10 stainless steel, Logan by Folio is an attractive flatware collection suitable for most dining occasions.",Stainless Steel,Silver,Logan,4.75 inches,N/A,N/A,N/A,N/A,China,N/A,N/A,No,No,Dozen = 12,https://www.wasserstrom.com/restaurant-supplies-equipment/spoon-coffee-ad-4-3-4-quot;-logan-folio-6099513
"Walco WL2705 Colgate 7.5"" Dinner Fork - Dozen",6115502,WL2707,6115502,https://assets.wasserstrom.com/image/upload/f_auto/pdp-leaderboard-quote-kitchen-desktop?scl=1&fmt=jpg&qlt=85,"The Colgate Flatware Collection from Walco showcases a classic beaded-edge handle design that brings an elegant touch to any dining setup. Crafted from 18/0 stainless steel, this collection is both sturdy and budget-friendly, perfect for a range of food service needs.",Stainless Steel,Silver,Colgate,7.5 Inches,N/A,N/A,N/A,N/A,China,N/A,N/A,No,No,12,https://www.wasserstrom.com/restaurant-supplies-equipment/fork-75-quot;-dinner-walco-colgate-18-0-6115467
"Walco WL2701 Colgate 6.4"" Teaspoon - Dozen",6115502,WL2707,6115502,https://assets.wasserstrom.com/image/upload/f_auto/pdp-leaderboard-quote-kitchen-desktop?scl=1&fmt=jpg&qlt=85,"The Walco Colgate Flatware Collection features a timeless beaded-edge handle design that adds a touch of classic elegance to any table setting. Made from 18/0 stainless steel, this collection is both durable and economically priced, making it ideal for various food service applications.",Stainless Steel,Silver,Colgate,6.4 Inches,N/A,N/A,N/A,N/A,China,N/A,N/A,No,No,12,https://www.wasserstrom.com/restaurant-supplies-equipment/teaspoon-64-quot;-walco-colgate-18-0-6115469
Rona 4803R221 Lunar 17.5 Oz Highball Glass - 24 / CS,248252,4803R222,248252,https://assets.wasserstrom.com/image/upload/f_auto/pdp-leaderboard-quote-dining-room-desktop?scl=1&fmt=jpg&qlt=85,Rona Lunar has sophisticated style for formal or casual occasions. Perfect for your favorite highball drinks.,Glass,Clear,Lunar,3.13 Inches,3.13 Inches,0,17.5 Ounces,N/A,Slovakia,N/A,N/A,No,No,Case = 24,https://www.wasserstrom.com/restaurant-supplies-equipment/steelite-4803r221-rona-lunar-16-1-2-oz-highball-glass---24---cs-564942
"Varick 6900E505 Classic Cafe Porcelain 8"" Plate - 12 / CS",340594,6900E500,340594,https://assets.wasserstrom.com/image/upload/f_auto/pdp-leaderboard-quote-kitchen-desktop?scl=1&fmt=jpg&qlt=85,"Serve delicious appetizers or desserts with this 8"" round plate from Steelite. It is part of the Varick Cafe Porcelain Collection and is perfect for restaurants or banquet facilities. This plate features a superior glaze that adds a beautiful finished look and is dishwasher, oven and microwave safe.",Porcelain,White,Classic Cafe,8 Inches,8 Inches,N/A,N/A,N/A,China,N/A,N/A,No,No,Case = 12,https://www.wasserstrom.com/restaurant-supplies-equipment/steelite-6900e505-varick-cafe-porcelain-8-plate---12---cs-916043
"Homer Laughlin 466100 Fiesta White 10.5"" Plate - Case - 12 / CS",444251,HL570100,444251,https://assets.wasserstrom.com/image/upload/f_auto/pdp-leaderboard-quote-kitchen-desktop?scl=1&fmt=jpg&qlt=85,Guests will love the wide rim with sculpted rings and the elegant white body color of this Fiesta® White line dinner plate.,China,White,Fiesta White,10.5 Inches,10.5 Inches,N/A,N/A,N/A,United States,042648004668,N/A,No,No,Case = 12,https://www.wasserstrom.com/restaurant-supplies-equipment/homer-laughlin-466100-fiesta-white-10-1-2-plate---case---12---cs-404409
"Folio 5742SX021 Carolyn 8-1/8"" Dinner Fork - Dozen",6126224,5742SX021,6126224,https://assets.wasserstrom.com/image/upload/f_auto/pdp-leaderboard-quote-dining-room-desktop?scl=1&fmt=jpg&qlt=85,"This Carolyn Dinner Fork is a staple of fine dining, featuring a balanced design and sturdy construction. At 8 1/8"", it is made from 18/10 stainless steel, ensuring longevity and a refined finish. The vertical lines along the handle add a touch of elegance, making it a perfect choice for formal dining experiences.",Stainless Steel,Silver,Carolyn,8.13 Inches,N/A,N/A,N/A,N/A,Vietnam,5018461576991,N/A,No,No,12,https://www.wasserstrom.com/restaurant-supplies-equipment/fork-dinner-8-1-8-quot;-18-10-folio-carolyn-6126224
"Folio 5742SX001 Carolyn 6-1/4"" Teaspoon - Dozen",6126230,5742SX001,6126230,https://assets.wasserstrom.com/image/upload/f_auto/pdp-leaderboard-quote-dining-room-desktop?scl=1&fmt=jpg&qlt=85,"This Carolyn Teaspoon is a refined piece of flatware designed for both elegance and functionality. Crafted from 18/10 stainless steel, it boasts durability and a polished finish that enhances any dining setting. Measuring 6 1/4"", this teaspoon features classic vertical lines along the handle, adding a touch of sophistication to its design. Ideal for banqueting and upscale dining experiences, the Carolyn pattern seamlessly blends tradition with modern aesthetics, making it a versatile choice for ...",Stainless Steel,Silver,Carolyn,6.25 Inches,N/A,N/A,N/A,N/A,Vietnam,5018461576946,N/A,No,No,12,https://www.wasserstrom.com/restaurant-supplies-equipment/teaspoon-6-1-4-quot;-18-10-folio-carolyn-6126230
"Folio 5742SX042 Carolyn 13/0 9-3/8"" Dinner Knife - Dozen",6126226,5742SX042,6126226,https://assets.wasserstrom.com/image/upload/f_auto/pdp-leaderboard-quote-kitchen-desktop?scl=1&fmt=jpg&qlt=85,"This Carolyn Dinner Knife is a refined dining essential, designed for precision cutting. At 9 3/8"", it is made from stainless steel, ensuring durability and a sleek finish. The classic vertical lines along the handle add a touch of sophistication, making it a perfect fit for upscale dining environments.",Stainless Steel,Silver,Carolyn,9.4 Inches,N/A,N/A,N/A,N/A,Vietnam,5018461577028,N/A,No,No,12,https://www.wasserstrom.com/restaurant-supplies-equipment/knife-dinner-9-3-8-quot;-13-0-folio-carolyn-6126226
"Folio 5742SX023 Carolyn 7-1/4"" Dessert/Salad Fork - Dozen",6126225,5742SX023,6126225,https://assets.wasserstrom.com/image/upload/f_auto/pdp-leaderboard-quote-kitchen-desktop?scl=1&fmt=jpg&qlt=85,"This Carolyn Dessert/Salad Fork is a versatile utensil, ideal for enjoying salads and desserts. Measuring 7 1/4"", it is crafted from 18/10 stainless steel, offering durability and a polished appearance. The Carolyn pattern’s signature vertical lines enhance its sophisticated design, making it a stylish addition to any table setting.",Stainless Steel,Silver,Carolyn,7.25 Inches,N/A,N/A,N/A,N/A,Vietnam,5018461577004,N/A,No,No,12,https://www.wasserstrom.com/restaurant-supplies-equipment/fork-dessert-salad-7-1-4-quot;-folio-carolyn-6126225
