sku,name,image_link,overview,length,width,height,diameter,volume,material,color,pattern,ean_code,barcode,product_url,source
SN4169,SN4169 Bàn xoay- Cake Stand Sanneng- SN4149,http://product.hstatic.net/200000487445/product/sn4169_e5854ad0c4c044e99f23632ed0d3cba9_grande.jpg,"Bàn xoay- Cake Stand Sanneng SN4169Bàn xoay SN4169Chất liệu: Hợp kim thép, được phủ Hard Anodized chống chầy xướcChân đế: Chất liệu chống trơn trượtBàn xoay top 1 của Sanneng SN4169- Kt: Đường kính bàn xoay 300mm, chiều cao: 135mm#bànxoay#SN4169#Sanneng",N/A,N/A,N/A,N/A,N/A,"Hợp kim thép, được phủ Hard Anodized chống chầy xướcChân đế: Chất liệu chống trơn trượtBàn xoay top 1 của Sanneng SN4169",N/A,N/A,N/A,N/A,https://sannengvietnam.com/products/sn4169-ban-xoay-cake-stand-sanneng-sn4169,sannengvietnam.com
SN6867,Khuôn oval mini chống dính Sanneng - SN6867,http://product.hstatic.net/200000487445/product/2_928472a3f7ab408cb48d614b308c252b_grande.jpg,"Khuôn Sanneng oval chống dính SN6867Khuôn oval chống dính Sanneng:  nướng bánh gato, cheesecake, bánh mì, bánh ngọt, bánh ngàn lớp, bánh cuộn len....Khuôn chống dính,Chất liệu: Hợp kim nhôm 1.2mmThông số kỹ thuật:140x72x46mmKhuôn Sanneng ( Non-stick Series 1000) #sanneng, #nonstick, #khuônchấtlượngtốt",N/A,N/A,N/A,N/A,N/A,Hợp kim nhôm 1.2mmThông số kỹ thuật:140x72x46mmKhuôn Sanneng ( Non,N/A,N/A,N/A,N/A,https://sannengvietnam.com/products/khuon-oval-mini-chong-dinh-sanneng-sn6867,sannengvietnam.com
SN4149,Bàn xoay- Cake Stand Sanneng- SN4149,http://product.hstatic.net/200000487445/product/51pedsiodbl._ac_uf1000_1000_ql80__12594b64073a4427960df5ee5a4c5f85_grande.jpg,"Bàn xoay- Cake Stand Sanneng SN4149Bàn xoay SN4149 Chất liệu: Hợp kim thép, được phủ Hard Anodized chống chầy xướcChân đế: Chất liệu chống trơn trượtBàn xoay top 1 của Sanneng SN4149- Kt: Đường kính bàn xoay 300mm, chiều cao: 135mm#bànxoay#SN4149#Sanneng",N/A,N/A,N/A,N/A,N/A,"Hợp kim thép, được phủ Hard Anodized chống chầy xướcChân đế: Chất liệu chống trơn trượtBàn xoay top 1 của Sanneng SN4149",N/A,N/A,N/A,N/A,https://sannengvietnam.com/products/ban-xoay-stand-cake-sanneng-sn4149,sannengvietnam.com
SN2015,Khuôn bánh mì gối 1000g Sanneng SN2015,http://product.hstatic.net/200000487445/product/sn2015_34165e8fc67844db82c1ec030f13932c_grande.png,Khuôn làm bánh mỳ chống dính 1000g Sanneng loại có vân Mã sản phẩm: SN2015 Hãng sản xuất: Sanneng Kích thước:Dài x rộng x cao :32.7x12.1x12.1Cỡ bánh 1000 g ( Tính với khối lượng bột ướt) #Sanneng #Khuonbanhmi # khuoonbanh1000g,N/A,N/A,N/A,N/A,N/A,N/A,N/A,N/A,N/A,N/A,https://sannengvietnam.com/products/nhan-ban-tu-khuon-banh-mi-goi-1000g-sanneng-sn2015,sannengvietnam.com
SN6605,Khuôn oval mini chống dính Sanneng  - SN6605,http://product.hstatic.net/200000487445/product/sn6605_be97048bd27c42c5b5a243e0fc277e72_grande.jpg,"Khuôn oval mini chống dính - Mã sản phẩm: SN6605 - Hãng sản xuất: Sanneng - Chất liệu: Phủ chống dính - Kích thước: Dài x rộng x cao: 110*83*42mm- Khuôn mini làm bánh mỳ hoa cúc cỡ bánh 100g - Sử dụng được cho tất cả các dòng bánh cake, bánh mỳ, chessecake #Sanneng #Sannengvietnam #Hangchinhhang #SN6605",N/A,N/A,N/A,N/A,N/A,Phủ chống dính,N/A,N/A,N/A,N/A,https://sannengvietnam.com/products/nhan-ban-tu-khuon-oval-chong-dinh-sanneng-sn6863,sannengvietnam.com
SN2190,Khuôn bánh mì gối Sanneng 250g - SN2191,http://product.hstatic.net/200000487445/product/bb4d54a407da5102922d1e117de3ec4a_06089b1e8a0848d09a2bb58c1706b227_grande.jpeg,"Khuôn bánh mì có nắp chống dínhHãng sản xuất: Sanneng Kiểu khuôn : Đúc nguyên khốiKích thước: Dài x Rộng x Cao tương ứng 16 x 9,4 x 7,7 (cm) Cỡ bánh 250g ( tính trọng lượng bột ướt sau khi nhào) Sản phẩm bao gồm: Khuôn + NắpChất liệu:Hợp kim phủ Chống dính",N/A,N/A,N/A,N/A,N/A,Hợp kim phủ Chống dính,N/A,N/A,N/A,N/A,https://sannengvietnam.com/products/khuon-banh-mi-goi-sanneng-sn2190-1,sannengvietnam.com
SN2055,Khuôn bánh mì gối Sanneng- SN2055 + Nắp SN20552,http://product.hstatic.net/200000487445/product/tb2lnhoontmpufjszfqxxbhfpxa___88205116_1dfcf75cbb444898a78f56810a8ae7f2_grande.jpg,"Khuôn bánh mỳ gối Sanneng 450g- Mã sản phẩm: SN2055- Kích thước khuôn: 196*106*110mm- Chất liệu: Hợp kim phủ chống dính- Khuôn nướng trọng lượng bột ướt 450g Khuôn sandwich, khuôn bánh mì gối#Sannengvietnam #Hangchinhhang#Khuonlambanh#Khuonbanhmygoi450g",N/A,N/A,N/A,N/A,N/A,Hợp kim phủ chống dính,N/A,N/A,N/A,N/A,https://sannengvietnam.com/products/nhan-ban-tu-khuon-banh-mi-goi-sanneng-sn2055,sannengvietnam.com
SN2083,Khuôn bánh mì gối Sanneng  385g - SN2083,http://product.hstatic.net/200000487445/product/sn2083_b_1390d5ca310d42ce98ccb2077bf8cef9_grande.jpg,"Khuôn bánh mì có nắp chống dínhHãng sản xuất: Sanneng Kiểu khuôn : Đúc nguyên khốiKích thước: Dài x Rộng x Cao tương ứng 16 x 9,4 x 7,7 (cm) Cỡ bánh 250g ( tính trọng lượng bột ướt sau khi nhào) Sản phẩm bao gồm: Khuôn + NắpChất liệu:Hợp kim phủ Chống dính",N/A,N/A,N/A,N/A,N/A,Hợp kim phủ Chống dính,N/A,N/A,N/A,N/A,https://sannengvietnam.com/products/khuon-banh-mi-goi-sanneng-385g-sn2083,sannengvietnam.com
SN1314,Khay nướng chống dính Sanneng 40x30cm - SN1314,http://product.hstatic.net/200000487445/product/sn1314_a_46af479d14cb4a5498c531c4a86ac052_grande.jpg,"Khay nướng bánh chống dính SN1314Hãng sản xuất: Sanneng Mã sản phẩm: SN1314 Kích thước: 40x30x1,2 cmChất liệu: Hợp kim phủ chống dính, mặt khay dập chống dính lập phương cao cấp Phù hợp cho lò gia đình từ 42L trở lên #Sanneng #Sannengvietnam #Khaynuongbanh #Khaychongdinh #Hangchinhhang #SN1314",N/A,N/A,N/A,N/A,N/A,"Hợp kim phủ chống dính, mặt khay dập chống dính lập phương cao cấp Phù hợp cho lò gia đình từ 42L trở lên #Sanneng #Sannengvietnam #Khaynuongbanh #Khaychongdinh #Hangchinhhang #SN1314",N/A,N/A,N/A,N/A,https://sannengvietnam.com/products/khay-nuong-chong-dinh-sanneng-40x30cm-sn1314,sannengvietnam.com
SN4061,Phới chà láng- Dụng cụ nhồi nhân Sanneng SN4061,http://product.hstatic.net/200000487445/product/sn4061_b_ad5ec0155c2846c6b86f856004d74500_grande.jpg,"Dụng cụ nhồi nhân bánh Sanneng SN4061 Dụng cụ chà láng đơn giản - Mã sản phẩm: SN4061- Hãng sản xuất: Sanneng - Chất liệu: Thép không gỉ - Kích thước: Dài 20,7cm #Sanneng #Sannengvietnam #Hangchinhhang #SN4061",N/A,N/A,N/A,N/A,N/A,Thép không gỉ,N/A,N/A,N/A,N/A,https://sannengvietnam.com/products/phoi-cha-lang-dung-cu-nhoi-nhan-sanneng-sn4061,sannengvietnam.com
UN10008,"Khay nướng chống dính  35x26x1,5cm - UN10008",http://product.hstatic.net/200000487445/product/un10008_e970326a3a77461ebe2a1064c5222c9f_grande.jpg,"Khay nướng Unopan UN10008 Kích thước: 25x35x1.5cm Hãng sản xuất: Sanneng Phù hợp dùng làm bánh cuộn, nướng cookie, nướng bánh trung thu, làm kẹo nougat Chất liệu: Phủ chống dính #Unopan #Khaycachthuy #Sanneng.vn",N/A,N/A,N/A,N/A,N/A,Phủ chống dính #Unopan #Khaycachthuy #Sanneng.vn,N/A,N/A,N/A,N/A,https://sannengvietnam.com/products/khay-nuong-chong-dinh-35x26x1-5cm-un10008,sannengvietnam.com
SN2129,Khuôn chống dính Sanneng  - SN2129,http://product.hstatic.net/200000487445/product/sn2129_c_668e9efcb14d44249c8dbc8be6e80caf_grande.jpg,"Khuôn làm bánh chữ nhật SN2129 - Hãng sản xuất: Sanneng - Kích thước: 151*67*67mm - Chất liệu: Chống dính - Sử dụng cho các loại bánh mỳ, bánh ngọt, hoa cúc... #Sanneng #Sannengvietnam #Hangchinhhang #SN2129",N/A,N/A,N/A,N/A,N/A,Chống dính,N/A,N/A,N/A,N/A,https://sannengvietnam.com/products/khuon-chong-dinh-sanneng-sn2129,sannengvietnam.com
SN6863,Khuôn oval chống dính Sanneng  - SN6863,http://product.hstatic.net/200000487445/product/sn6863_2a2a263c8b2b4f498312686015cb74f4_grande.jpg,"Khuôn oval Sanneng - Mã sản phẩm: SN6863 - Kích thước: 214*100*55mm - Chất liệu phủ chống dính, không cần quét dầu/ bơ. - Khuôn làm bánh cỡ 300-350g bột ướt với bánh mỳ #Sanneng #Sannengvietnam #Hangchinhhang #Khuonlambanh #Oval",N/A,N/A,N/A,N/A,N/A,N/A,N/A,N/A,N/A,N/A,https://sannengvietnam.com/products/nhan-ban-tu-khuon-oval-chong-dinh-sanneng-sn6860,sannengvietnam.com
SN2055,Khuôn bánh mì gối Sanneng- SN2055 ( Không kèm nắp),http://product.hstatic.net/200000487445/product/6d0babe5a09364b64b12a2ae271deded_95abe58fe42444458d7d00b6ce6653ef_grande.png,"Khuôn bánh mỳ gối Sanneng 450g- Mã sản phẩm: SN2055- Kích thước khuôn: 196*106*110mm- Chất liệu: Hợp kim phủ chống dính- Khuôn nướng trọng lượng bột ướt 450g Khuôn sandwich, khuôn bánh mì gối#Sannengvietnam #Hangchinhhang#Khuonlambanh#Khuonbanhmygoi450g",N/A,N/A,N/A,N/A,N/A,Hợp kim phủ chống dính,N/A,N/A,N/A,N/A,https://sannengvietnam.com/products/khuon-banh-mi-goi-sanneng-sn2055-khong-kem-nap,sannengvietnam.com
SN1312,Khay nướng Sanneng chống dính vuông 28x28x3cm SN1312,http://product.hstatic.net/200000487445/product/sn131202_cf5f7de4b76e416c81f00394a6cf6fde_grande.jpg,Khay nướng chống dính vuông 28x28x3cmSN1312 SannengHãng sản xuất: Sanneng Mã sản phẩm :SN1312 Kích thước : 28x28xcao 3cm Chất liệu: Chống dính #Sanneng #SN1312,N/A,N/A,N/A,N/A,N/A,Chống dính #Sanneng #SN1312,N/A,N/A,N/A,N/A,https://sannengvietnam.com/products/khay-nuong-sanneng-chong-dinh-vuong-28x28x3cm-sn1312,sannengvietnam.com
SN2191,Khuôn bánh mì gối Sanneng 250g - SN2191,http://product.hstatic.net/200000487445/product/sn2191_j_404bede35cf343d49caccc6b38e8e805_grande.jpeg,"Khuôn bánh mì có nắp chống dínhHãng sản xuất: Sanneng Kiểu khuôn : Đúc nguyên khốiKích thước: Dài x Rộng x Cao tương ứng 16 x 9,4 x 7,7 (cm) Cỡ bánh 250g ( tính trọng lượng bột ướt sau khi nhào) Sản phẩm bao gồm: Khuôn + NắpChất liệu:Hợp kim phủ Chống dính",N/A,N/A,N/A,N/A,N/A,Hợp kim phủ Chống dính,N/A,N/A,N/A,N/A,https://sannengvietnam.com/products/khuon-banh-mi-goi-sanneng-250g-sn2191,sannengvietnam.com
SN2066Sản,Khuôn bánh mì gối Sanneng- SN2066,http://product.hstatic.net/200000487445/product/1-1618016049_063ea4e17b52444d88095d572df3126a_grande.jpg,"Khuôn bánh mỳ gối Sanneng 450g - Mã sản phẩm: SN2066Sản phẩm bao gồm : 1 thân khuôn và 1 nắp- Kích thước khuôn: 196*106*110mm- Chất liệu: Hợp kim phủ chống dínhChất liệu chống dính ưu việt giúp bánh lấy ra dễ dàng, không cần phết bơ/ dầu.#Sannengvietnam #Hangchinhhang#Khuonlambanh#Khuonbanhmygoi450g",N/A,N/A,N/A,N/A,N/A,"Hợp kim phủ chống dínhChất liệu chống dính ưu việt giúp bánh lấy ra dễ dàng, không cần phết bơ/ dầu.#Sannengvietnam #Hangchinhhang#Khuonlambanh#Khuonbanhmygoi450g",N/A,N/A,N/A,N/A,https://sannengvietnam.com/products/khuon-banh-mi-goi-sanneng-sn2066,sannengvietnam.com
UN10018,Khay nướng chống dính  35x25x5cm - UN10018,http://product.hstatic.net/200000487445/product/un10018__2__018d7f60457e44d89294f7f1128e186d_grande.jpg,"Khay nướng Unopan UN10018 Kích thước 25x35x5cm Hãng sản xuất: Sanneng Phù hợp dùng làm bánh cuộn, nướng cookie, nướng bánh trung thu, nướng cách thủyChất liệu: Hợp kim nhôm Phủ chống dính #Unopan #Khaycachthuy #Sanneng.vn",N/A,N/A,N/A,N/A,N/A,Hợp kim nhôm Phủ chống dính #Unopan #Khaycachthuy #Sanneng.vn,N/A,N/A,N/A,N/A,https://sannengvietnam.com/products/khay-nuong-chong-dinh-35x26x-3cm-un10018,sannengvietnam.com
SN2190Kích,Khuôn bánh mì gối vuông Sanneng- SN2190,http://product.hstatic.net/200000487445/product/z2969837133654_b942312196f64005a0e24b3a36e8c0fa_07ae6f3f7af84866b80231a600802a47_grande.jpg,"Khuôn làm bánh mì gối chống dính cỡ bánh 250gMã sản phẩm: SN2190Kích thước khuôn: Dài x Rộng x Cao: 10x10x10cm Chất liệu: Hợp kim phủ chống dính Chất liệu chống dính ưu việt giúp bánh lấy ra dễ dàng, không cần phết bơ/ dầu.#Sannengvietnam #Khuonlambanh#Khuonbanhmygoi250g#khuôn gối vuông",N/A,N/A,N/A,N/A,N/A,"Hợp kim phủ chống dính Chất liệu chống dính ưu việt giúp bánh lấy ra dễ dàng, không cần phết bơ/ dầu.#Sannengvietnam #Khuonlambanh#Khuonbanhmygoi250g#khuôn gối vuông",N/A,N/A,N/A,N/A,https://sannengvietnam.com/products/khuon-banh-mi-goi-sanneng-sn2190,sannengvietnam.com
SN6860,Khuôn oval chống dính Sanneng  - SN6860,http://product.hstatic.net/200000487445/product/6860_8838317cfb8c487cbe85af6a56391a64_grande.jpg,"Khuôn oval Sanneng - Mã sản phẩm: SN6860 - Kích thước: 214*100*55mm - Chất liệu phủ chống dính, không cần quét dầu/ bơ. - Khuôn làm bánh cỡ 300-350g bột ướt với bánh mỳ #Sanneng #Sannengvietnam #Hangchinhhang #Khuonlambanh #Oval",N/A,N/A,N/A,N/A,N/A,N/A,N/A,N/A,N/A,N/A,https://sannengvietnam.com/products/khuon-oval-chong-dinh-sanneng-sn6860,sannengvietnam.com
SN4807,Dao cắt bánh mì - Sanneng SN4807,http://product.hstatic.net/200000487445/product/1f2944eab97ef362fb6488799ff1fd6c_5aa613cdaca043d5b1915cf9a378ee3e_grande.jpeg,"Dao cắt bánh mì  Sanneng SN4807Dao Sanneng được rèn từ chất liệu thép không gỉ cao cấp,Tay cầm nhựa chất lượng với độ bền cao, thiết kế cán cầm thoải mái, Lưỡi dao răng cưa sắc bén, chế tác tinh xảo, giúp lát cắt bánh luôn mịn màng. Chất liệu dao: Thép không gỉ, tay cầm nhựa cao cấp SN4807 : Chiều dài 435 mm",N/A,N/A,N/A,N/A,N/A,N/A,N/A,N/A,N/A,N/A,https://sannengvietnam.com/products/dao-cat-banh-mi-sanneng-sn4807,sannengvietnam.com
SN4831,Dao cắt bánh ngọt - Sanneng SN4831,http://product.hstatic.net/200000487445/product/1f898c345eb27da3899d8a18307d005d_5f0d2a0a4ed2459ba1351427469cec7d_grande.jpeg,"Dao cắt bánh  Sanneng SN4830/ SN4831Dao Sanneng được rèn từ chất liệu thép không gỉ cao cấp,Tay cầm nhựa chất lượng với độ bền cao, thiết kế cán cầm thoải mái, Lưỡi dao sáng bóng, sắc ngọt, độ mỏng vừa đủ để tạo được các nhát cắt gọn sắc giúp miếng bánh được cắt mịn màng",N/A,N/A,N/A,N/A,N/A,N/A,N/A,N/A,N/A,N/A,https://sannengvietnam.com/products/dao-cat-banh-ngot-sanneng-sn4831,sannengvietnam.com
SN4830,Dao cắt bánh ngọt - Sanneng SN4830,http://product.hstatic.net/200000487445/product/1f898c345eb27da3899d8a18307d005d_220085acbeb540bd9995e050d0e2fa8d_grande.jpeg,"Dao cắt bánh  Sanneng SN4830/ SN4831Dao Sanneng được rèn từ chất liệu thép không gỉ cao cấp,Tay cầm nhựa chất lượng với độ bền cao, thiết kế cán cầm thoải mái, Lưỡi dao sáng bóng, sắc ngọt, độ mỏng vừa đủ để tạo được các nhát cắt gọn sắc giúp miếng bánh được cắt mịn màng",N/A,N/A,N/A,N/A,N/A,N/A,N/A,N/A,N/A,N/A,https://sannengvietnam.com/products/dao-cat-banh-ngot-sanneng-sn4830-sn4831,sannengvietnam.com
SN4745,Dụng cụ vét bột SN4745 Sanneng,http://product.hstatic.net/200000487445/product/4745_b36d1abaf2fb4572b439fef2b1b9aae3_grande.png,"Dụng cụ vét bột SN4745 SannengChiều dài: 22.5 cmSử dụng để vét bột, bơ trứng trong cối/ bowl trộnChất liệu: Nhựa dẻo ABSNhà sản xuất: Sanneng",N/A,N/A,N/A,N/A,N/A,Nhựa dẻo ABSNhà sản xuất: Sanneng,N/A,N/A,N/A,N/A,https://sannengvietnam.com/products/dung-cu-vet-bot-sn4745-sanneng,sannengvietnam.com
SN4775,Dụng cụ lấy bánh bông lan/gato- Sanneng SN4775,http://product.hstatic.net/200000487445/product/6dd5f1961e2be1c8b1d5afb1514cf0fe_9c9fce273dd74839bb918ab314754ae0_grande.jpeg,"SN4775  Dụng cụ lấy bánh bông lan, gato...SN 4775 được làm từ Chất liệu nhựa PP, chất liệu nhựa an toàn cho thực phẩmThiết kế hình nón, đầu que gọn mảnh để vừa theo thành khuôn bánh.Thiết kế móc cong để cầm nắm thoải mái và dễ dàng cất giữ",N/A,N/A,N/A,N/A,N/A,N/A,N/A,N/A,N/A,N/A,https://sannengvietnam.com/products/dung-cu-lay-banh-bong-lan-gato-sanneng-sn4775,sannengvietnam.com
SN41194,"Bộ 2 chổi quét mặt bánh, quét trứng và dầu bơ Sanneng - SN41194",http://product.hstatic.net/200000487445/product/41194_c_13e95f3de6e74a5db4089bec278bb1ee_grande.jpg,"Bộ 2 chổi quét mặt bánh, quét trứng và dầu bơ Sanneng - SN41194Mã sản phẩm: SN41194 - Bộ sản phẩm: Gồm 2 chổi - Kích thước: 235x25x35mm - Sử dụng quét dầu, trứng, bơ...Hướng dẫn sử dụng: Trước khi sử dụng lần đầu: ngâm chổi vào nước ấm 20-30', rửa sạch và để khô chổi ngay khi sử dụng,",N/A,N/A,N/A,N/A,N/A,N/A,N/A,N/A,N/A,N/A,https://sannengvietnam.com/products/bo-2-choi-quet-mat-banh-quet-trung-va-dau-bo-sanneng-sn41194,sannengvietnam.com
SN4884,Phới lồng- Phới đánh trộn Sanneng 9inch - SN4884,http://product.hstatic.net/200000487445/product/sn4884_c_28d589c160eb421bb2d4b5aaa6080ebb_grande.jpg,"Phới lồng- Phới đánh trộn Sanneng 9inch - SN4884Phới đánh trộn Sanneng 9inch - Mã sản phẩm: SN4884 - Kích thước: Chiều dài tổng 28,4cm - Chất liệu: Thép không gỉ cao cấp #Sanneng #Sannengvietnam #Hangchinhhang #SN4884",N/A,N/A,N/A,N/A,N/A,Thép không gỉ cao cấp #Sanneng #Sannengvietnam #Hangchinhhang #SN4884,N/A,N/A,N/A,N/A,https://sannengvietnam.com/products/phoi-long-phoi-danh-tron-sanneng-9inch-sn4884,sannengvietnam.com
SN4107,Cúp cắt bột Sanneng cán nhựa SN4107,http://product.hstatic.net/200000487445/product/sn4107_df7ae4bebc9746e0b04d57a2c3c61348_grande.jpg,Cúp cắt bột sanneng cán nhựa SN4107Siêu bền với tay cầm nhựa chắc chắn Phần thân được làm từ chất liệu inox không gỉ 301 S/S Kích thước: 116 x 130 #Sanneng #SN4107,N/A,N/A,N/A,N/A,N/A,N/A,N/A,N/A,N/A,N/A,https://sannengvietnam.com/products/cup-cat-bot-sanneng-can-nhua-sn4107,sannengvietnam.com
SN61385,Khuôn tròn chống dính Sanneng- SN61385,http://product.hstatic.net/200000487445/product/sn61385_a_9fb412060d5544639134093bb986c4e3_grande.jpg,"Khuôn Sanneng tròn chống dính SN61385Set khuôn 5 chiếc/ hộp Khuôn chống dính, kt 10×9.7×2.4cmNướng bánh mì, cheesecake, bánh ngọt....",N/A,N/A,N/A,N/A,N/A,N/A,N/A,N/A,N/A,N/A,https://sannengvietnam.com/products/khuon-tron-chong-dinh-sanneng-sn61385,sannengvietnam.com
SN1085,Khay nướng phẳng CHỐNG DÍNH Sanneng 40*60cm*2cm  - SN1085,http://product.hstatic.net/200000487445/product/sn1085_ef2b5be3f788471fb04782ec1baa2fca_grande.jpg,"Khay nướng phẳng CHỐNG DÍNH Sanneng SN1085Thành khay uốn mép, gia cường, tăng độ bền cho khay - Mã sản phẩm: SN1085- Kích thước: 60x40x2cm - Chất liệu: Hợp kim nhôm phủ chống dính - Sử dụng cho lò kích thước lớn, lò công nghiệp #Sanneng #Sannengvietnam #Hangchinhhang #Khaynuongchongdinh #Bakingtray #Nonstick",60cm,40cm,2cm,N/A,N/A,Hợp kim nhôm phủ chống dính,N/A,N/A,N/A,N/A,https://sannengvietnam.com/products/khay-nuong-phang-chong-dinh-sanneng-40-60cm-2cm-sn1085,sannengvietnam.com
SN1078,Khay nướng chống dính 40x60cm Sanneng SN1078,http://product.hstatic.net/200000487445/product/ds1710054_9041261cfc49450281def2a2feb8e2d4_grande.jpg,"Khay nướng phẳng CHỐNG DÍNH Sanneng SN1078- Mã sản phẩm: SN1078- Kích thước: 60x40x3cm - Chất liệu: Hợp kim nhôm phủ chống dính - Sử dụng cho lò kích thước lớn, lò công nghiệp #Sanneng #Sannengvietnam #Hangchinhhang #Khaynuongchongdinh #Bakingtray #Nonstick",60cm,40cm,3cm,N/A,N/A,Hợp kim nhôm phủ chống dính,N/A,N/A,N/A,N/A,https://sannengvietnam.com/products/khay-nuong-chong-dinh-40x60cm-sanneng-sn1078,sannengvietnam.com
SN1597,Khay làm bánh mỳ Baguette 3 rãnh chống dính Sanneng SN1597,http://product.hstatic.net/200000487445/product/sn1597_d6109fc500554a0395d04838fa2ad14f_grande.jpg,"Khay làm bánh mỳ Baguette 3 rãnh chống dính Sanneng SN1597 Kích thước: 365 x 265 x 32 mm Chất liệu: chống dính Phù hợp kích thước lò gia đình, lò nhỏPhù hợp cho lò gia đình từ 42L trở lênHãng sản xuất: Sanneng  #Sanneng #Sannengvietnam #Khaynuongbanh #Khaychongdinh #Hangchinhhang #SN1314",N/A,N/A,N/A,N/A,N/A,"chống dính Phù hợp kích thước lò gia đình, lò nhỏPhù hợp cho lò gia đình từ 42L trở lênHãng sản xuất: Sanneng  #Sanneng #Sannengvietnam #Khaynuongbanh #Khaychongdinh #Hangchinhhang #SN1314",N/A,N/A,N/A,N/A,https://sannengvietnam.com/products/khay-lam-banh-my-baguette-3-ranh-chong-dinh-sanneng-sn1597,sannengvietnam.com
SN4802,Dao cắt bánh mì - Sanneng SN4802,http://product.hstatic.net/200000487445/product/1f2944eab97ef362fb6488799ff1fd6c_e538e64d6e3c4fd29062f354d0f396bc_grande.jpeg,"Dao cắt bánh mì  Sanneng SN4802 Dao Sanneng được rèn từ chất liệu thép không gỉ cao cấp,Tay cầm nhựa chất lượng với độ bền cao, thiết kế cán cầm thoải mái, Lưỡi dao răng cưa sắc bén, chế tác tinh xảo, giúp lát cắt bánh luôn mịn màng. Chất liệu dao: Thép không gỉ, tay cầm nhựa cao cấp SN4802 : Chiều dài 380 mm",N/A,N/A,N/A,N/A,N/A,N/A,N/A,N/A,N/A,N/A,https://sannengvietnam.com/products/dao-cat-banh-mi-sanneng-sn4802,sannengvietnam.com
SN4101,Cúp cắt bột cán gỗ SN4101 Sanneng,http://product.hstatic.net/200000487445/product/sn4101_a_eacb165c16d946bc88069426c2593f6c_grande.jpg,Cúp cắt bột cán gỗ Sanneng SN4101 - Hãng sản xuất: Sanneng - Kích thước : 121*135mm - Chất liệu: Thép + cán cầm bằng gỗ #Sanneng,N/A,N/A,N/A,N/A,N/A,Thép + cán cầm bằng gỗ #Sanneng,N/A,N/A,N/A,N/A,https://sannengvietnam.com/products/cup-cat-bot-can-go-sn4101-sanneng,sannengvietnam.com
N/A,Tấm nướng chống dính dùng nhiều lần Sanneng SN0473 (kích thước 38x58cm ),http://product.hstatic.net/200000487445/product/sn0473f_d2a85d699791403d92f85c2ab3aab7c9_grande.jpg,"Tấm nướng dùng nhiều lần chính hãng Sanneng- Mã sản phẩm : Sn0473 #Sanneng - Kích thước 38x58cm sử dụng kèm khay nướng cỡ 40x60 - Dùng để lót chống dính cho khay - Phù hợp chống dính cho các loại bánh như: bánh quy, bông lan cuộn, macaron, bánh mì...- Chất liệu: Vải phủ sợi thủy tinh",N/A,N/A,N/A,N/A,N/A,Vải phủ sợi thủy tinh,N/A,N/A,N/A,N/A,https://sannengvietnam.com/products/tam-nuong-chong-dinh-dung-nhieu-lan-sanneng-kich-thuoc-38x58cm,sannengvietnam.com
SN2012Hãng,Khuôn bánh mì gối 1000g Sanneng SN2012,http://product.hstatic.net/200000487445/product/sn2012_d_76f1c875ce3b4f1ca84a56728832801a_grande.png,Khuôn làm bánh mỳ chống dính 1000g Sanneng Mã sản phẩm: SN2012Hãng sản xuất: Sanneng Kích thước:Dài x rộng x cao :32.7x12.1x12.1Cỡ bánh 1000 g ( Tính với khối lượng bột ướt) #Sanneng #Khuonbanhmi # khuoonbanh1000g,N/A,N/A,N/A,N/A,N/A,N/A,N/A,N/A,N/A,N/A,https://sannengvietnam.com/products/khuon-banh-mi-goi-1000g-sanneng-sn2012,sannengvietnam.com
SN1050,Khay nướng phẳng CHỐNG DÍNH Sanneng 40*60cm  - SN1050,http://product.hstatic.net/200000487445/product/274738670_149368160825636_8542445284361578408_n_88d9a4a287e042beb146e57de004944f_grande.jpg,"Khay nướng phẳng CHỐNG DÍNH Sanneng SN1050- Mã sản phẩm: SN1050 - Kích thước: 60x40x2cm - Chất liệu: Hợp kim nhôm phủ chống dính - Sử dụng cho lò kích thước lớn, lò công nghiệp #Sanneng #Sannengvietnam #Hangchinhhang #Khaynuongchongdinh #Bakingtray #Nonstick",60cm,40cm,2cm,N/A,N/A,Hợp kim nhôm phủ chống dính,N/A,N/A,N/A,N/A,https://sannengvietnam.com/products/khay-nuong-phang-chong-dinh-sanneng-40-60cm-sn1050,sannengvietnam.com
UN00200,Đồng hồ điện tử hẹn giờ trong bếp- Kitchen Timer UN00200,http://product.hstatic.net/200000487445/product/un00200_49c7db3b0f2a4a69be50dd530e5f16a2_grande.png,Đồng hồ hẹn giờ điện tử- UN00200Mã sản phẩm: UN00200Nhà sản xuất: Unopan- SannengXuất xứ: Trung QuốcKích thước: 80*60*30mmHiện thị điện tử cài đặt hẹn giờ từ 1s-99'59'sSử dụng pin AAA tiêu chuẩn,N/A,N/A,N/A,N/A,N/A,N/A,N/A,N/A,N/A,N/A,https://sannengvietnam.com/products/dong-ho-hen-gio-dien-tu-un00200,sannengvietnam.com
SN7999,Găng tay cách nhiệt Sanneng SN7999,http://product.hstatic.net/200000487445/product/3afdc719b432a296adb2c22418bc8f53__1__9546fe1506a2424aae19450e7882bcf4_grande.jpeg,"Găng tay Sanneng SN7999SN7999 Thiết kế dải chống trượt hai mặt, được sử dụng ở cả hai mặt, bảo vệ tay và ngăn các vật dụng bị trượtSN7999 Cấu tạo ba lớp, lớp bên trong của lớp vải bông cách nhiệt ở giữa, dải chống trượt siliconeSN7999 Cổ tay thiết kế thun co giãn, thoải mái khi mang️",N/A,N/A,N/A,N/A,N/A,N/A,N/A,N/A,N/A,N/A,https://sannengvietnam.com/products/gang-tay-cach-nhiet-sanneng-sn7999,sannengvietnam.com
SN1080,Khay nướng chống dính thành cao 5cm kích thước 40x60cm Sanneng SN1080,http://product.hstatic.net/200000487445/product/sn1080b_f1b7ea5e9a1347d18ed61ffd863dd7e4_grande.jpg,"Khay nướng phẳng CHỐNG DÍNH Sanneng SN1080- Mã sản phẩm: SN1080- Kích thước: 60x40x5cm - Chất liệu: Hợp kim nhôm phủ chống dính - Sử dụng cho lò kích thước lớn, lò công nghiệp #Sanneng #Sannengvietnam #Hangchinhhang #Khaynuongchongdinh #Bakingtray #Nonstick",60cm,40cm,5cm,N/A,N/A,Hợp kim nhôm phủ chống dính,N/A,N/A,N/A,N/A,https://sannengvietnam.com/products/khay-nuong-chong-dinh-thanh-cao-5cm-kich-thuoc-40x60cm-sanneng-sn1080,sannengvietnam.com
N/A,Khuôn tròn chống dính Sanneng - SN 5009 (4 inch ),http://product.hstatic.net/200000487445/product/1_eafaec221d63492f83091ecb42a2a380_grande.jpg,"Khuôn Sanneng tròn chống dính SN 5009Khuôn tròn chống dính Sanneng:  nướng bánh gato, cheesecake, bánh mì, bánh ngọt, bánh ngàn lớp, bánh cuộn len....Khuôn chống dính, kt 102x98x60 mmKhuôn Sanneng ( Non-stick Series 1000) #sanneng, #nonstick, #khuônchấtlượngtốt",N/A,N/A,N/A,N/A,N/A,N/A,N/A,N/A,N/A,N/A,https://sannengvietnam.com/products/khuon-tron-chong-dinh-sanneng-sn-5009-4-inch,sannengvietnam.com
SN1010,Khay nướng chống dính 46*72cm Sanneng SN1010,http://product.hstatic.net/200000487445/product/sn1010_a_35c26bd6a1ff4b1f97d094a883dc62e7_grande.jpg,"Khay nướng phẳng CHỐNG DÍNH Sanneng SN1010- Mã sản phẩm: SN1010- Kích thước: 71.8*46*2.5 cm , độ dày khay 0.7mm - Chất liệu: Hợp kim nhôm thép phủ chống dính - Sử dụng cho lò kích thước lớn, lò công nghiệp #Sanneng #Sannengvietnam #Hangchinhhang #Khaynuongchongdinh #Bakingtray #Nonstick",N/A,N/A,N/A,N/A,N/A,Hợp kim nhôm thép phủ chống dính,N/A,N/A,N/A,N/A,https://sannengvietnam.com/products/khay-nuong-chong-dinh-46-72cm-sanneng-sn1010,sannengvietnam.com
SN2180Kích,Khuôn bánh mì gối vuông Sanneng- SN2180( 7.5*7.5cm),http://product.hstatic.net/200000487445/product/sn2180_82c5e49b77124544b2d25da721d81079_grande.jpg,"Khuôn làm bánh mì gối vuông chống dính SN2180Mã sản phẩm: SN2180Kích thước khuôn: Dài x Rộng x Cao: 7.5*7.5*7.5cmChất liệu: Hợp kim phủ chống dính Chất liệu chống dính ưu việt giúp bánh lấy ra dễ dàng, không cần phết bơ/ dầu.Hãng sản xuất: Sanneng#Sannengvietnam #Khuonlambanh#Khuonbanhmygoi250g#khuôn gối vuông",N/A,N/A,N/A,N/A,N/A,"Hợp kim phủ chống dính Chất liệu chống dính ưu việt giúp bánh lấy ra dễ dàng, không cần phết bơ/ dầu.Hãng sản xuất: Sanneng#Sannengvietnam #Khuonlambanh#Khuonbanhmygoi250g#khuôn gối vuông",N/A,N/A,N/A,N/A,https://sannengvietnam.com/products/khuon-banh-mi-goi-vuong-sanneng-sn2180-7-5-7-5cm,sannengvietnam.com
N/A,Khay nướng chống dính Unox- Sanneng,http://product.hstatic.net/200000487445/product/z4844238287251_1d37b8e3dd563cf843f6fe69b1962863_a16da057eba04de3aa8e5e1bb306305c_grande.jpg,"Khay nướng phẳng CHỐNG DÍNH Sanneng dành riêng cho lò Unox - Mã sản phẩm: Khay Unox DS0040- Kích thước: 460x330x11mm. Độ dày khay: 1.2mm- Chất liệu: Hợp kim nhôm  phủ chống dính - Sử dụng cho lò Unox, lò Bosh ( để trên rank) #Sanneng #Sannengvietnam  #Khaynuongchongdinh #Bakingtray #Nonstick, #khayunox",N/A,N/A,N/A,N/A,N/A,Hợp kim nhôm  phủ chống dính,N/A,N/A,N/A,N/A,https://sannengvietnam.com/products/khay-nuong-chong-dinh-unox-sanneng,sannengvietnam.com
SN2133,Khuôn chống dính chữ nhật 250g Sanneng SN2133,http://product.hstatic.net/200000487445/product/315119999_197907835971668_4980617000452370420_n_c4e8282c221b46fcb1d3a64002d8c2cf_grande.jpg,"Khuôn chống dính Sanneng SN2133- khuôn 250gSN2133- Khuôn pound cake, khuôn loafKích thước 24×77×62mmTrọng lượng bánh 250g -350",N/A,N/A,N/A,N/A,N/A,N/A,N/A,N/A,N/A,N/A,https://sannengvietnam.com/products/khuon-chong-dinh-chu-nhat-250g-sanneng-sn2133,sannengvietnam.com
N/A,"Khuôn Pizza thành cao- Khuôn pizza nhân nhồi, pizza Chicago Sanneng các cỡ 6,7,8inch",http://product.hstatic.net/200000487445/product/sn5764_a2e121ca0c9d49de86c2b0a1023efc41_grande.jpg,"Khuôn pizza thành cao các size- Hãng sản xuất: Sanneng - Kích thước lòng khuôn ( Đường kính miệng x đường kính đáy x chiều cao ) Size 6inch SN5762 : 15,2 x 14,0 x 4,1 cm Size 7inch SN5763 : 17,9 x 16,6 x 4,1 cm Size 8inch SN5764: 20,3 x 19,7 x 4,1 cm - Chất liệu khuôn phủ chống xước bề mặt giúp khuôn có độ bền cao - Ph",N/A,N/A,N/A,N/A,N/A,N/A,N/A,N/A,N/A,N/A,https://sannengvietnam.com/products/khuon-pizza-thanh-cao-khuon-pizza-nhan-nhoi-pizza-chicago-sanneng-cac-co-6-7-8inch,sannengvietnam.com
N/A,Khuôn pizza 8in/10in/12inch- Khuôn pizza Sanneng,http://product.hstatic.net/200000487445/product/sn5724_52fcc177ec0143f5bae925ae25fc580f_grande.jpg,Khuôn pizza Sanneng các cỡ - Hãng sản xuất: Sanneng - Chất liệu: Phủ chống xước Hard Anodized độ bền cao trong quá trình sử dụng Vòng đời sử dụng khoảng 20.000 1. SN5724 - Khuôn 8inch Kích thước 203x 178x17mm 2. SN5726 - Khuôn 10inch Kích thước 254x229x18mm 3. SN5728 - Khuôn 12inch Kích thước 305x279x19mm,N/A,N/A,N/A,N/A,N/A,Phủ chống xước Hard Anodized độ bền cao trong quá trình sử dụng Vòng đời sử dụng khoảng 20.000 1. SN5724,N/A,N/A,N/A,N/A,https://sannengvietnam.com/products/nhan-ban-tu-khuon-pizza-thanh-cao-khuon-pizza-nhan-nhoi-pizza-chicago-sanneng-cac-co-6-7-8inch,sannengvietnam.com
SN1595,Khay làm bánh mỳ Baguette 5 rãnh chống dính Sanneng SN1595,http://product.hstatic.net/200000487445/product/sn1595_6923a12e65b74b7aaf16af6b1f3752b6_grande.jpg,Khay làm bánh mỳ Baguette 5 rãnh chống dính SN1595 Kích thước: 60*40mm Chất liệu: Hợp kim nhôm phủ chống dính Hãng sản xuất: Sanneng  #Sanneng #Sannengvietnam #Khaynuongbanh #Khaychongdinh #Hangchinhhang #SN1314,N/A,N/A,N/A,N/A,N/A,Hợp kim nhôm phủ chống dính Hãng sản xuất: Sanneng  #Sanneng #Sannengvietnam #Khaynuongbanh #Khaychongdinh #Hangchinhhang #SN1314,N/A,N/A,N/A,N/A,https://sannengvietnam.com/products/khay-lam-banh-my-baguette-5-ranh-chong-dinh-sanneng-sn1595,sannengvietnam.com
SN6866,Khuôn oval hotdog chống dính Sanneng - SN6866,http://product.hstatic.net/200000487445/product/11033569_r_4b78f10cfe9e4540ace5dac340e76baf_grande.jpg,"Khuôn Sanneng oval chống dính SN6866Khuôn tròn chống dính Sanneng:  nướng bánh gato, cheesecake, bánh mì, bánh ngọt, bánh ngàn lớp, bánh cuộn len....Khuôn chống dính,Chất liệu: Hợp kim nhôm 1.0mmThông số kỹ thuật:170x65x37mmKhuôn Sanneng ( Non-stick Series 1000) #sanneng, #nonstick, #khuônchấtlượngtốt",N/A,N/A,N/A,N/A,N/A,Hợp kim nhôm 1.0mmThông số kỹ thuật:170x65x37mmKhuôn Sanneng ( Non,N/A,N/A,N/A,N/A,https://sannengvietnam.com/products/khuon-oval-hotdog-chong-dinh-sanneng-sn6866,sannengvietnam.com
SN4889,Phới lồng- Phới đánh trứng Sanneng SN4889,http://product.hstatic.net/200000487445/product/sn4884_a_78baf2698a1e4b43a29565d6aa676d46_grande.jpg,"Phới Sanneng SN4889Phới lồng Sanneng được làm từ các dây thép 304 được rèn và gia công tại Nhật Bản, độ đàn hồi tốt, không dễ biến dạng.Bề mặt được xử lý mạ điện phân, đáp ứng các yêu cầu về vệ sinh thực phẩm và dễ dàng làm sạch.SN4883-8 inchSN4885-10 inchSN4893-18 inchSN4897-28 inchSN4899-36 inchSN4889-14inch",N/A,N/A,N/A,N/A,N/A,N/A,N/A,N/A,N/A,N/A,https://sannengvietnam.com/products/phoi-long-phoi-danh-trung-sanneng-sn4889,sannengvietnam.com
SN1050,Khay nướng phẳng CHỐNG DÍNH Sanneng 40*60cm  - SN1048,http://product.hstatic.net/200000487445/product/sn1048_32100a140eaf43fca5e8260f6eeaa09d_grande.jpg,"Khay nướng phẳng CHỐNG DÍNH Sanneng SN1048- Mã sản phẩm: SN1050 - Kích thước: 60x40x1.2cm - Chất liệu: Hợp kim nhôm phủ chống dính - Sử dụng cho lò kích thước lớn, lò công nghiệp #Sanneng #Sannengvietnam #Hangchinhhang #Khaynuongchongdinh #Bakingtray #Nonstick",N/A,N/A,N/A,N/A,N/A,Hợp kim nhôm phủ chống dính,N/A,N/A,N/A,N/A,https://sannengvietnam.com/products/khay-nuong-phang-chong-dinh-sanneng-40-60cm-sn1048,sannengvietnam.com
N/A,Khuôn tròn chống dính Sanneng - SN 5010 (5 inch ),http://product.hstatic.net/200000487445/product/sn5010_2_a231d83cdaab4f579678499ed6150431_grande.jpg,"Khuôn Sanneng tròn chống dính SN 5010Khuôn tròn chống dính Sanneng:  nướng bánh gato, cheesecake, bánh mì, bánh ngọt, bánh ngàn lớp, bánh cuộn len....Khuôn chống dính, kt 127x123x60 mmKhuôn Sanneng ( Non-stick Series 1000) #sanneng, #nonstick, #khuônchấtlượngtốt #sanneng, #nonstick, #khuônchấtlượngtốt",N/A,N/A,N/A,N/A,N/A,N/A,N/A,N/A,N/A,N/A,https://sannengvietnam.com/products/khuon-tron-chong-dinh-sanneng-sn-5010-5-inch,sannengvietnam.com
SN1050,Khay nướng chống dính kích thước 40x60cm Sanneng SN1050,http://product.hstatic.net/200000487445/product/sn1050_b_e869278567264f448385c5059ab0c802_grande.jpg,"Khay nướng phẳng CHỐNG DÍNH Sanneng SN1050- Mã sản phẩm: SN1050- Kích thước: 60x40x20cm - độ dày khay 1.5mm- Chất liệu: Hợp kim nhôm phủ chống dính - Sử dụng cho lò kích thước lớn, lò công nghiệp #Sanneng #Sannengvietnam #Hangchinhhang #Khaynuongchongdinh #Bakingtray #Nonstick #SN1050",60cm,40cm,20cm,N/A,N/A,Hợp kim nhôm phủ chống dính,N/A,N/A,N/A,N/A,https://sannengvietnam.com/products/khay-nuong-chong-dinh-kich-thuoc-40x60cm-sanneng-sn1050,sannengvietnam.com
SN4885,Phới lồng- Phới đánh trứng Sanneng SN4885-SN4887-SN4893-SN4897-SN4899,http://product.hstatic.net/200000487445/product/san_neng_28_whisk_stainless_steel_handle_electrolysis_sn4897_00f44436adbd49c58c7ef7fb771939c6_grande.jpg,"Phới SannengPhới lồng Sanneng được làm từ các dây thép 304 được rèn và gia công tại Nhật Bản, độ đàn hồi tốt, không dễ biến dạng.Bề mặt được xử lý mạ điện phân, đáp ứng các yêu cầu về vệ sinh thực phẩm và dễ dàng làm sạch.SN4883-8 inchSN4885-10 inchSN4893-18 inchSN4897-28 inchSN4899-36 inch",N/A,N/A,N/A,N/A,N/A,N/A,N/A,N/A,N/A,N/A,https://sannengvietnam.com/products/phoi-long-phoi-danh-trung-sanneng-sn4885-sn4893-sn4897-sn4899,sannengvietnam.com
SN22326,Khuôn bánh mì gối Sanneng- SN2326,http://product.hstatic.net/200000487445/product/sn2326_a_075a51de6e2047228d8c262417f1cb72_grande.jpg,"Khuôn bánh mỳ gối Sanneng 450g - Mã sản phẩm: SN22326 Sản phẩm bao gồm : 1 thân khuôn và 1 nắp - Kích thước khuôn: 196*106*110mm - Chất liệu: Hợp kim phủ chống dính Chất liệu chống dính ưu việt giúp bánh lấy ra dễ dàng, không cần phết bơ/ dầu.",N/A,N/A,N/A,N/A,N/A,"Hợp kim phủ chống dính Chất liệu chống dính ưu việt giúp bánh lấy ra dễ dàng, không cần phết bơ/ dầu.",N/A,N/A,N/A,N/A,https://sannengvietnam.com/products/khuon-banh-mi-goi-sanneng-sn2326,sannengvietnam.com
SN4757,Phới silicon chịu nhiệt Sanneng SN4757 SN4748 SN4749,http://product.hstatic.net/200000487445/product/sn4757_3e086b33fdd34ed19a57e9c238d35338_grande.jpg,"Phới Sanneng SN4557-4558-4559 Tay cầm được làm từ nhựa PAThân phới được làm từ Silicone cao cấp dùng cho thực phẩm, chịu nhiệt từ -60 độ C dến 230 độ C.SN4557 chiều dài tổng 262mm, chiều dài thân phới 55mmSN4558 chiều dài tổng 346mm, chiều dài thân phới 70mmSN4559 chiều dài tổng 422mm, chiều dài thân phới 70mm",N/A,N/A,N/A,N/A,N/A,N/A,N/A,N/A,N/A,N/A,https://sannengvietnam.com/products/phoi-silicon-chiu-nhiet-sanneng-sn4757-sn4748-sn4749,sannengvietnam.com
N/A,Dao cắt bánh - Sanneng,http://product.hstatic.net/200000487445/product/sn4855_0fa5593bcfca4b7ba6a9341d30837817_grande.jpg,"Dao cắt bánh Sanneng SN4857-SN4856-SN4855Dao Sanneng được rèn từ chất liệu thép không gỉ cao cấp,Tay cầm nhựa chất lượng với độ bền cao, thiết kế cán cầm thoải mái, Lưỡi dao sắc bén, chế tác tinh xảo, giúp lát cắt bánh luôn mịn màng.",N/A,N/A,N/A,N/A,N/A,N/A,N/A,N/A,N/A,N/A,https://sannengvietnam.com/products/dao-cat-banh-sanneng,sannengvietnam.com
SN4223,Dao cắt bột croissant 5 lưỡi Sanneng- SN4223,http://product.hstatic.net/200000487445/product/1_4db5cb1aa5854819b0dde5ab370b159a_grande.jpg,"Dao cắt SN4223- Dao cắt bột ngàn lớp 5 lưỡi Dao Sanneng SN4223 5 lưỡiChất liệu inox 420 s/s Thông tin kỹ thuậtKhoảng cách giữa 2 lưỡi dao, khoảng cách nhỏ nhất : 10mm, khoảng cách lớn nhất 120mmChiều dài  : 235mm - Hãng sản xuất: Sanneng#SN4223 #sanneng #daocatcroissant",N/A,N/A,N/A,N/A,N/A,N/A,N/A,N/A,N/A,N/A,https://sannengvietnam.com/products/dao-cat-bot-croissant-5-luoi-sanneng-sn4223,sannengvietnam.com
SN6086,Khuôn tròn mini chống dính Sanneng - SN6086,http://product.hstatic.net/200000487445/product/z6503789201808_eb9e35ed49eefa663191ad6f36e465de_1586defe5ff9485891eca06baa5f4691_grande.jpg,"Khuôn Sanneng tròn chống dính SN6086Khuôn tròn chống dính Sanneng: bánh mì nấm, nướng bánh gato, cheesecake, bánh mì, bánh ngọt, bánh ngàn lớp, bánh cuộn len....Khuôn chống dính,Chất liệu: Hợp kim nhôm Thông số kỹ thuật:75x73x40mmKhuôn Sanneng ( Non-stick Series 1000) #sanneng, #nonstick, #khuônchấtlượngtốt",N/A,N/A,N/A,N/A,N/A,Hợp kim nhôm Thông số kỹ thuật:75x73x40mmKhuôn Sanneng ( Non,N/A,N/A,N/A,N/A,https://sannengvietnam.com/products/khuon-tron-mini-chong-dinh-sanneng-sn6086,sannengvietnam.com
SN2032,Khuôn bánh mì gối Sanneng 750g- SN2032,http://product.hstatic.net/200000487445/product/sn2032_a_e1863dd0687e4a6e8c1c8fede2e5aff6_grande.png,"Khuôn bánh mỳ gối Sanneng 750g - Mã sản phẩm: SN2032 Sản phẩm bao gồm : 1 thân khuôn và 1 nắp - Kích thước khuôn: 10*11.6*31.6 cm - Chất liệu: Hợp kim phủ chống dính Chất liệu chống dính ưu việt giúp bánh lấy ra dễ dàng, không cần phết bơ/ dầu.",N/A,N/A,N/A,N/A,N/A,"Hợp kim phủ chống dính Chất liệu chống dính ưu việt giúp bánh lấy ra dễ dàng, không cần phết bơ/ dầu.",N/A,N/A,N/A,N/A,https://sannengvietnam.com/products/khuon-banh-mi-goi-sanneng-750g-sn2032,sannengvietnam.com
SN3934,Khuôn ring hình hoa anh đào 5 cánh chống dính Sanneng ( Plum Blossom Ring ) SN3934 6inch,http://product.hstatic.net/200000487445/product/z6138571243432_81b5e745aed6b9d5c41d554724744c35_ae8ae57bf94f406fb11a2dbeaece4bf9_grande.jpg,"Khuôn ring hình hoa anh đào 5 cánh chống dính Sanneng ( Plum Blossom Ring ) SN3934 6inchKích thước SN3934- 6inch Chất liệu: khuôn Ring SN3934 Sanneng được làm từ hợp kim nhôm tiêu chuẩn thực phẩm, khuôn chắc chắn, bền, hấp thụ nhiệt đều và nhanh giúp thành bánh chín đều, đẹp.",N/A,N/A,N/A,N/A,N/A,"khuôn Ring SN3934 Sanneng được làm từ hợp kim nhôm tiêu chuẩn thực phẩm, khuôn chắc chắn, bền, hấp thụ nhiệt đều và nhanh giúp thành bánh chín đều, đẹp.",N/A,N/A,N/A,N/A,https://sannengvietnam.com/products/khuon-ring-hinh-hoa-anh-dao-5-canh-chong-dinh-sanneng-plum-blossom-ring-sn3934-6-inch,sannengvietnam.com
SN8047,Chày cán bột Sanneng chất liệu inox 304 S/S- SN8047,http://product.hstatic.net/200000487445/product/z5758530216742_f87416dbf6b6ded08a3f79aab0ef46b4_ce1e7c9bc0194488968adff103874d88_grande.jpg,"Chày cán bột đa năng Sanneng chất liệu inox cao cấp S/S 304Thiết kế tối ưu cho các thao tác cán bột mì, pizza, bánh bao, cookie cán...Thuận tiện khi cần thao tác với các khối bột cần giữ lạnh.Không bám mùi, không lo bám bột hay mốc ẩm khi sử dụng.Cấu tạo kín 2 đầu, dễ dàng vệ sinhTTSP: ĐK: 3cm, Dài: 35.5cm",N/A,N/A,N/A,N/A,N/A,N/A,N/A,N/A,N/A,N/A,https://sannengvietnam.com/products/chay-can-bot-sanneng-chat-lieu-inox-304-s-s-sn8047,sannengvietnam.com
SN3740,Khuôn ring Sanneng- Khuôn nướng croissant tròn Sanneng SN3740,http://product.hstatic.net/200000487445/product/3d445cb1d0956b23f79a100ca1c1d325_025778b99a05427dbca8b31a756a39e9_grande.jpg,"Khuôn Sanneng SN37340- Khuôn ring tròn , khuôn nướng Croissant tròn Kích thước SN3740 10*5cm dày 2.0mmChất liệu: khuôn Ring SN3740 Sanneng được làm từ hợp kim nhôm tiêu chuẩn thực phẩm, khuôn nhẹ, bền, hấp thụ nhiệt đều và nhanh giúp thành bánh chín đều, đẹp.SN3740- Sannengvietnam.com",N/A,N/A,N/A,N/A,N/A,"khuôn Ring SN3740 Sanneng được làm từ hợp kim nhôm tiêu chuẩn thực phẩm, khuôn nhẹ, bền, hấp thụ nhiệt đều và nhanh giúp thành bánh chín đều, đẹp.SN3740",N/A,N/A,N/A,N/A,https://sannengvietnam.com/products/khuon-ring-sanneng-khuon-nuong-croissant-tron-sanneng-sn3740,sannengvietnam.com
N/A,Tấm lót nướng tạo hình bánh tròn Silicone - Sanneng SN0562,http://product.hstatic.net/200000487445/product/z6102690379889_294a3ded526416b39cf9a3a55eb27cd6_974c84393c604f4b9706c76a21af5c9c_grande.jpg,"Tấm lót nướng tạo hình lỗ tròn SannengLàm các loại bánh: bánh ngói, bánh vừng, bánh hạnh nhân,.....Kích thước 570*370mm- 24 lỗ tròn đường kính 80mmThiết kế hỗ trợ tạo hình giúp thành phẩm bánh đều, đẹp, độ dày bằng nhau giúp sản phẩm nướng giòn đẹp hơnChất liệu silicon cao cấp dùng cho thực phẩm",N/A,N/A,N/A,N/A,N/A,N/A,N/A,N/A,N/A,N/A,https://sannengvietnam.com/products/nhan-ban-tu-tam-lot-nuong-silicon-co-lo-thoang-khi-sanneng-breathable-silicone-baking-mat,sannengvietnam.com
N/A,Tấm lót nướng Silicon có lỗ thoáng khí- Sanneng ( Breathable Silicone Baking Mat),http://product.hstatic.net/200000487445/product/0caabec9-08c8-42d0-bc51-2b8b4c8893e2.__cr0_0_300_300_pt0_sx300_v1____dd593d0a274549948f6c2e9307dc02ec_grande.jpg,"Tấm lót nướng chống dính Sanneng- chất liệu SiliconeKích thước 57*37cmTấm nướng Silicon chịu nhiệt : -40 độ- 200 độThiết kế lỗ thoáng khí giúp tản nhiệt đều hơn, giúp sản phẩm nướng giòn đẹp hơnChất liệu silicon cao cấp dùng cho thực phẩm, tấm nướng chống trượt, chống dính phù hợp cho tất cả các loại bánh",N/A,N/A,N/A,N/A,N/A,N/A,N/A,N/A,N/A,N/A,https://sannengvietnam.com/products/tam-lot-nuong-silicon-co-lo-thoang-khi-sanneng-breathable-silicone-baking-mat,sannengvietnam.com
N/A,Khuôn ring Sanneng- Khuôn nướng croissant tròn- Khuôn bánh Mousse Sanneng,http://product.hstatic.net/200000487445/product/62d2d499fe8b2572c730bd3030fd54cd_36dc647018e24bb3a42c2462368f04c3_grande.jpg,"Khuôn Ring- Khuôn Mousse- Khuôn tròn nướng Croissant SannengKích thước 8*5cm, 10*5cm độ dày khuôn 0.8mmChất liệu: Inox 304 S/SHãng sản xuất: Sanneng Set khuôn 5c",N/A,N/A,N/A,N/A,N/A,Inox 304 S/SHãng sản xuất: Sanneng Set khuôn 5c,N/A,N/A,N/A,N/A,https://sannengvietnam.com/products/khuon-ring-sanneng-khuon-nuong-croissant-tron-khuon-banh-mousse-sanneng,sannengvietnam.com
SN3933,Khuôn ring hình hoa anh đào 5 cánh chống dính Sanneng ( Plum Blossom Ring ) SN3933 4inch,http://product.hstatic.net/200000487445/product/z6138571243432_81b5e745aed6b9d5c41d554724744c35_1704d97d0fb243888c42068a3c4bcb96_grande.jpg,"Khuôn ring hình hoa anh đào 5 cánh chống dính Sanneng ( Plum Blossom Ring ) SN3933 4 inchKích thước SN3933- 4 inch Chất liệu: khuôn Ring SN3933 Sanneng được làm từ hợp kim nhôm tiêu chuẩn thực phẩm, khuôn chắc chắn, bền, hấp thụ nhiệt đều và nhanh giúp thành bánh chín đều, đẹp.",N/A,N/A,N/A,N/A,N/A,"khuôn Ring SN3933 Sanneng được làm từ hợp kim nhôm tiêu chuẩn thực phẩm, khuôn chắc chắn, bền, hấp thụ nhiệt đều và nhanh giúp thành bánh chín đều, đẹp.",N/A,N/A,N/A,N/A,https://sannengvietnam.com/products/khuon-ring-hinh-hoa-anh-dao-5-canh-chong-dinh-sanneng-plum-blossom-ring-sn3933-4inch,sannengvietnam.com
SN2182Kích,Khuôn bánh mì gối vuông Sanneng- SN2182,http://product.hstatic.net/200000487445/product/sn2182c_333b3dfc170a40638c0f9796cb619f4e_grande.jpg,"Khuôn làm bánh mì gối vuông chống dính cỡ bánh 250gMã sản phẩm: SN2182Kích thước khuôn: Dài x Rộng x Cao: 10x10x10cm Chất liệu: Hợp kim phủ chống dính Chất liệu chống dính ưu việt giúp bánh lấy ra dễ dàng, không cần phết bơ/ dầu.Hãng sản xuất: Sanneng#Sannengvietnam #Khuonlambanh#khuôn gối vuông",N/A,N/A,N/A,"Hợp kim phủ chống dính Chất liệu chống dính ưu việt giúp bánh lấy ra dễ dàng, không cần phết bơ/ dầu.Hãng sản xuất: Sanneng#Sannengvietnam #Khuonlambanh#khuôn gối vuông",N/A,N/A,N/A,N/A,N/A,N/A,https://sannengvietnam.com/products/khuon-banh-mi-goi-vuong-sanneng-sn2182,sannengvietnam.com
N/A,Ghi ra bánh- Ghi hong bánh- Khay làm nguội bánh kích thước 40x60cm Sanneng,http://product.hstatic.net/200000487445/product/kh-oven-cooling-rack-stainless-steel-4_2abcf70525824ea581344114f8ea9f14_grande.png,"Ghi ra bánh- Ghi hong bánh- Khay làm nguội bánh SannengGhi ra bánh Sanneng kích thước 400*600*8mmThông tin sản phẩm Ghi ra bánh SannengChất liệu: Inox 304 S/SHãng sản xuất: Sanneng#Sanneng, #khuônbánhcuộn, #Khuônbánh, #Unopan ,#SN1314,#SN2129 #khuôntrònnướngcroissant, #newyorkrollcroissant, #entremetcake,",N/A,N/A,N/A,"Inox 304 S/SHãng sản xuất: Sanneng#Sanneng, #khuônbánhcuộn, #Khuônbánh, #Unopan ,#SN1314,#SN2129 #khuôntrònnướngcroissant, #newyorkrollcroissant, #entremetcake,",N/A,N/A,N/A,N/A,N/A,N/A,https://sannengvietnam.com/products/ghi-ra-banh-ghi-hong-banh-khay-lam-nguoi-banh-kich-thuoc-40x60cm-sanneng,sannengvietnam.com
N/A,Khuôn nướng Sanneng tart hoa ( Croissant egg tart),http://product.hstatic.net/200000487445/product/z5755025949982_6c44fee0eb59b6aee64273b8c26ea881_256ff7376a674ae49c55f5f5ffdf006e_grande.jpg,"Khuôn Tart hoa- Khuôn nướng bánh Croissant egg tart - Sanneng SN61395Chất liệu hợp kim nhôm cao cấpBề mặt anodize tăng độ bền độ cứng, đảm bảo vệ sinh, dễ lau rửaThông tin kích thước khuôn: 94*30mmĐóng gói: set 5c",N/A,N/A,N/A,N/A,N/A,N/A,N/A,N/A,N/A,N/A,https://sannengvietnam.com/products/khuon-nuong-sanneng-tart-hoa-croissant-egg-tart,sannengvietnam.com
SN4657,Thùng ủ bột- Thùng đựng bánh SN4657 -SN4658- SN4659 Sanneng,http://cdn.hstatic.net/products/200000487445/tp00003630001602_o_m_b73ad087644f44a49fd36349f19ad6a5_grande.jpg,"Thùng ủ bột- Thùng đựng bánh Sanneng SN4657 Sanneng- Kích thước thùng ủ Sanneng: 580mm*380mm*90mm- Chất liệu : PP Plastic️ Nóng lạnh- Khô ẩm, thời tiết thay đổi thất thường, muốn kiểm soát quá trình ủ tốt nhất cần có thùng ủ bột SannengChất liệu mới trong suốt giúp quan sát bột ủ và kiểm soát thời gian nở.",N/A,N/A,N/A,N/A,N/A,N/A,N/A,N/A,N/A,N/A,https://sannengvietnam.com/products/thung-u-bot-thung-dung-banh-sn4657-sanneng,sannengvietnam.com
SN1313Kích,Khay nướng Sanneng 40x30cm - SN1313,http://product.hstatic.net/200000487445/product/sn1313a_0ced8864e96a4882955f93f7920731f0_grande.jpg,"Khay nướng bánh SN1313- Khay nướng màu trắng - Khay nướng bánh MacaronHãng sản xuất: Sanneng Mã sản phẩm: SN1313Kích thước: 40x30x1,2 cmChất liệu: Hợp kim nhôm thép, mặt khay dập lập phương cao cấp Phù hợp cho lò gia đình từ 42L trở lên #Sanneng #Sannengvietnam #Khaynuongbanh #Khaychongdinh #Hangchinhhang #SN1313",N/A,N/A,N/A,"Hợp kim nhôm thép, mặt khay dập lập phương cao cấp Phù hợp cho lò gia đình từ 42L trở lên #Sanneng #Sannengvietnam #Khaynuongbanh #Khaychongdinh #Hangchinhhang #SN1313",N/A,N/A,N/A,N/A,N/A,N/A,https://sannengvietnam.com/products/khay-nuong-sanneng-40x30cm-sn1313,sannengvietnam.com
SN3739,Khuôn ring Sanneng- Khuôn nướng croissant tròn Sanneng SN3739,http://product.hstatic.net/200000487445/product/ph-11134207-7r992-lo29nn55ojh6dc_0ca67e910d4a4642bc6249a8dc901c26_grande.jpg,"Khuôn Sanneng SN3739- Khuôn ring tròn , khuôn nướng Croissant tròn Kích thước SN3739 10*4cm dày 2.0mmChất liệu: khuôn Ring SN3739 Sanneng được làm từ hợp kim nhôm tiêu chuẩn thực phẩm, khuôn nhẹ, bền, hấp thụ nhiệt đều và nhanh giúp thành bánh chín đều, đẹp.SN3739- Sannengvietnam.com",N/A,N/A,N/A,"khuôn Ring SN3739 Sanneng được làm từ hợp kim nhôm tiêu chuẩn thực phẩm, khuôn nhẹ, bền, hấp thụ nhiệt đều và nhanh giúp thành bánh chín đều, đẹp.SN3739",N/A,N/A,N/A,N/A,N/A,N/A,https://sannengvietnam.com/products/khuon-ring-sanneng-khuon-nuong-croissant-tron-sanneng-sn3739,sannengvietnam.com
SN4754,Bình xịt nước Sanneng SN4754 (350ml),http://product.hstatic.net/200000487445/product/vn-11134207-7r98o-lmh44cs6rgm72f_6d3c9b4c24b34806a7a3c3cd0f656c2a_grande.jpg,"Bình xịt nước Sanneng SN4754 (350ml)Mã sản phẩm: SN4754- chất liệu: PE, PET - Kích thước: 250x83x64mm (350ml) - Sử dụng phun nước tạo ẩm bề mặt bánh, đầu phun điều chỉnh phun sương, phun tạo giọt,...Hướng dẫn sử dụng: chỉ sử dụng phun nước sạch ( nhiệt độ tối đa 45 độ C) , không sử dụng phun các loại dầu, trứng,",N/A,N/A,N/A,N/A,N/A,N/A,N/A,N/A,N/A,N/A,https://sannengvietnam.com/products/binh-xit-nuoc-sanneng-sn4754-350ml,sannengvietnam.com
SN3936,Khuôn ring chống dính Sanneng - SN3936,http://product.hstatic.net/200000487445/product/z6709811671191_00b3117977b0098837b30e545f71aba5_bb6a1756afc243bf8703314aa7f75120_grande.jpg,"Khuôn Sanneng ring chống dính SN3936Khuôn ring tròn chống dính Sanneng: bánh mì nấm, nướng bánh gato, cheesecake, bánh mì, bánh ngọt, bánh ngàn lớp, bánh cuộn len..Khuôn chống dính,Chất liệu: Hợp kim nhôm Thông số kỹ thuật:100*60mm Khuôn Sanneng ( Non-stick Series 1000) #sanneng, #nonstick, #khuônchấtlượngtốt",N/A,N/A,N/A,Hợp kim nhôm Thông số kỹ thuật:100*60mm Khuôn Sanneng ( Non,N/A,N/A,N/A,N/A,N/A,N/A,https://sannengvietnam.com/products/khuon-ring-chong-dinh-sanneng-sn3936,sannengvietnam.com
SN2032,Khuôn bánh mì gối Sanneng 900g- SN2022,http://product.hstatic.net/200000487445/product/sn2032_b_efb6661f8c114ced94de9c9e65b190c4_grande.jpg,"Khuôn bánh mỳ gối Sanneng 900g - Mã sản phẩm: SN2032 Sản phẩm bao gồm : 1 thân khuôn và 1 nắp - Kích thước khuôn: 10.7*12*32.5 cm - Chất liệu: Hợp kim phủ chống dính Chất liệu chống dính ưu việt giúp bánh lấy ra dễ dàng, không cần phết bơ/ dầu.",N/A,N/A,N/A,"Hợp kim phủ chống dính Chất liệu chống dính ưu việt giúp bánh lấy ra dễ dàng, không cần phết bơ/ dầu.",N/A,N/A,N/A,N/A,N/A,N/A,https://sannengvietnam.com/products/khuon-banh-mi-goi-sanneng-900g-sn2022,sannengvietnam.com
