name,sku,image_link,overview,length,width,height,diameter,volume,material,color,pattern,ean_code,barcode,upc,product_url,source
《SANNENG》鋁合金烤盤(1000系列不沾)/SN1014,SN1014,https://cdn.cybassets.com/media/W1siZiIsIjE3NTI5L3Byb2R1Y3RzLzMzNTA4MDExLzE2MTk1NzIzMjdfMTkxZDI5YWE3MGQ0OWNmOWNmOWQuanBlZyJdLFsicCIsInRodW1iIiwiMjQweDI0MCJdXQ.jpeg?sha=2e3877ca1043ed5b,N/A,N/A,N/A,N/A,N/A,N/A,N/A,N/A,N/A,N/A,N/A,N/A,https://www.unopan.tw/products/sn1014,unopan.tw
《SANNENG》鋁合金烤盤(1000系列不沾)/SN1040,SN1040,https://cdn.cybassets.com/media/W1siZiIsIjE3NTI5L3Byb2R1Y3RzLzMzNTA4MDE3LzE2MTk1NzE5MDBfYmE4ZjEzNmZiMDI2YjBjMTE4NDQuanBlZyJdLFsicCIsInRodW1iIiwiMjQweDI0MCJdXQ.jpeg?sha=e36172fd7ba962a5,N/A,N/A,N/A,N/A,N/A,N/A,N/A,N/A,N/A,N/A,N/A,N/A,https://www.unopan.tw/products/sn1040,unopan.tw
《SANNENG》不銹鋼烤盤/SN1015,SN1015,https://cdn.cybassets.com/media/W1siZiIsIjE3NTI5L3Byb2R1Y3RzLzMzNTA4MDEyLzE2MTk1NzIyMjVfOTA2ZjBiNzg1Nzg0Mjg2NjM3MmYuanBlZyJdLFsicCIsInRodW1iIiwiMjQweDI0MCJdXQ.jpeg?sha=21cf9c406b4fe9eb,N/A,N/A,N/A,N/A,N/A,N/A,N/A,N/A,N/A,N/A,N/A,N/A,https://www.unopan.tw/products/sn1015,unopan.tw
《SANNENG》鍍鋁烤盤(1000系列不沾)(尺寸任選),SN1078,https://cdn.cybassets.com/media/W1siZiIsIjE3NTI5L3Byb2R1Y3RzLzMzNTA4MDE0LzE2MTk1NzIxNTRfN2I4YjJiZTgxODcyMTk5M2VkYzYuanBlZyJdLFsicCIsInRodW1iIiwiMjQweDI0MCJdXQ.jpeg?sha=8565d8d25480d43f,N/A,N/A,N/A,N/A,N/A,N/A,N/A,N/A,N/A,N/A,N/A,N/A,https://www.unopan.tw/products/sanneng%E9%8D%8D%E9%8B%81%E7%83%A4%E7%9B%A41000%E7%B3%BB%E5%88%97%E4%B8%8D%E6%B2%BE%E5%B0%BA%E5%AF%B8%E4%BB%BB%E9%81%B8,unopan.tw
《SANNENG》鋁合金烤盤(陽極)/SN1071,SN1071,https://cdn.cybassets.com/media/W1siZiIsIjE3NTI5L3Byb2R1Y3RzLzMzNTA4MDIwLzE2MTk1NzExNTZfOGI1MWE4NjM3YTY1OGU1YWEwNmQuanBlZyJdLFsicCIsInRodW1iIiwiMjQweDI0MCJdXQ.jpeg?sha=5f25d327df038985,N/A,N/A,N/A,N/A,N/A,N/A,N/A,N/A,N/A,N/A,N/A,N/A,https://www.unopan.tw/products/sn1071,unopan.tw
《SANNENG》鋁合金烤盤(1000系列不沾)/SN1037,SN1037,https://cdn.cybassets.com/media/W1siZiIsIjE3NTI5L3Byb2R1Y3RzLzMzNTA4MDE2LzE2MTk1NzIwNTNfYzBmOGEwZWNkMWUwMjRjNjU5YTYuanBlZyJdLFsicCIsInRodW1iIiwiMjQweDI0MCJdXQ.jpeg?sha=9211e781cd225fe7,N/A,N/A,N/A,N/A,N/A,N/A,N/A,N/A,N/A,N/A,N/A,N/A,https://www.unopan.tw/products/sn1037,unopan.tw
《SANNENG》鋁合金烤盤(1000系列不沾)/SN1063,SN1063,https://cdn.cybassets.com/media/W1siZiIsIjE3NTI5L3Byb2R1Y3RzLzMzNTA4MDE5LzE2MTk1NzE2NjhfMzJlZGFmYjU5ZjM4ZTk5NTZjNmUuanBlZyJdLFsicCIsInRodW1iIiwiMjQweDI0MCJdXQ.jpeg?sha=fcfe97c16bfb4ed3,N/A,N/A,N/A,N/A,N/A,N/A,N/A,N/A,N/A,N/A,N/A,N/A,https://www.unopan.tw/products/sn1063,unopan.tw
《SANNENG》鋁合金烤盤(1000系列不沾)/SN1072,SN1072,https://cdn.cybassets.com/media/W1siZiIsIjE3NTI5L3Byb2R1Y3RzLzMzNTA4MDIxLzE2MTk1NzExMTZfOTE2NDI5ZGVmNTNkMGRlZDlmOTcuanBlZyJdLFsicCIsInRodW1iIiwiMjQweDI0MCJdXQ.jpeg?sha=95fe8b8168ee9126,N/A,N/A,N/A,N/A,N/A,N/A,N/A,N/A,N/A,N/A,N/A,N/A,https://www.unopan.tw/products/sn1072,unopan.tw
《SANNENG》鋁合金烤盤(1000系列不沾)/SN1016,SN1016,https://cdn.cybassets.com/media/W1siZiIsIjE3NTI5L3Byb2R1Y3RzLzMzNTA4MDEzLzE2MTk1NzIxOTBfMjAxMGNjNjU2M2UzZmZlYWViYmEuanBlZyJdLFsicCIsInRodW1iIiwiMjQweDI0MCJdXQ.jpeg?sha=f326bcddbf4298a1,N/A,N/A,N/A,N/A,N/A,N/A,N/A,N/A,N/A,N/A,N/A,N/A,https://www.unopan.tw/products/sn1016,unopan.tw
N/A,SN0464,N/A,,,,,,,,,,,,,https://www.unopan.tw/pages/線上購物說明,unopan.tw
N/A,SN04736,N/A,,,,,,,,,,,,,https://www.unopan.tw/pages/線上購物說明,unopan.tw
N/A,SN0523,N/A,,,,,,,,,,,,,https://www.unopan.tw/pages/線上購物說明,unopan.tw
N/A,SN0528,N/A,,,,,,,,,,,,,https://www.unopan.tw/pages/線上購物說明,unopan.tw
N/A,SN0533,N/A,,,,,,,,,,,,,https://www.unopan.tw/pages/線上購物說明,unopan.tw
N/A,SN0538,N/A,,,,,,,,,,,,,https://www.unopan.tw/pages/線上購物說明,unopan.tw
N/A,SN0543,N/A,,,,,,,,,,,,,https://www.unopan.tw/pages/線上購物說明,unopan.tw
N/A,SN0548,N/A,,,,,,,,,,,,,https://www.unopan.tw/pages/線上購物說明,unopan.tw
N/A,SN0553,N/A,,,,,,,,,,,,,https://www.unopan.tw/pages/線上購物說明,unopan.tw
N/A,SN0558,N/A,,,,,,,,,,,,,https://www.unopan.tw/pages/線上購物說明,unopan.tw
N/A,SN1002,N/A,,,,,,,,,,,,,https://www.unopan.tw/pages/線上購物說明,unopan.tw
N/A,SN1010,N/A,,,,,,,,,,,,,https://www.unopan.tw/pages/線上購物說明,unopan.tw
N/A,SN1013,N/A,,,,,,,,,,,,,https://www.unopan.tw/pages/線上購物說明,unopan.tw
N/A,SN1023,N/A,,,,,,,,,,,,,https://www.unopan.tw/pages/線上購物說明,unopan.tw
